{"benchmarks_classes": [{"name": "fft2dmpiwithfftw1d", "t_fft_as_arg": 0.0030368566513061523, "t_fft_cpp": 0.00324184, "t_fft_return": 0.0030291080474853516, "t_ifft_as_arg": 0.00329434871673584, "t_ifft_cpp": 0.0033029199999999996, "t_ifft_return": 0.00345611572265625}, {"name": "fft2dmpiwithfftwmpi2d", "t_fft_as_arg": 0.0006070137023925781, "t_fft_cpp": 0.0007205200000000001, "t_fft_return": 0.0005723237991333008, "t_ifft_as_arg": 0.0005339384078979492, "t_ifft_cpp": 0.00062136, "t_ifft_return": 0.0016453266143798828}], "hostname": "nid01315", "n0": 1024, "n1": 1024, "nb_proc": 64, "pid": 9168, "time_as_str": "2017-10-31_14-04-29"}
