{"benchmarks_classes": [{"name": "fft2dmpiwithfftw1d", "t_fft_as_arg": 0.0029268264770507812, "t_fft_cpp": 0.00310702, "t_fft_return": 0.002961277961730957, "t_ifft_as_arg": 0.0032393932342529297, "t_ifft_cpp": 0.0032018000000000003, "t_ifft_return": 0.003216981887817383}], "hostname": "nid01264", "n0": 1024, "n1": 1024, "nb_proc": 64, "pid": 37120, "time_as_str": "2017-10-14_08-17-41"}
