{"benchmarks_classes": [{"name": "fft2dmpiwithfftw1d", "t_fft_as_arg": 0.001452326774597168, "t_fft_cpp": 0.00161444, "t_fft_return": 0.001604914665222168, "t_ifft_as_arg": 0.001348257064819336, "t_ifft_cpp": 0.00133596, "t_ifft_return": 0.002291440963745117}, {"name": "fft2dmpiwithfftwmpi2d", "t_fft_as_arg": 0.0023784637451171875, "t_fft_cpp": 0.0021823199999999997, "t_fft_return": 0.0028427839279174805, "t_ifft_as_arg": 0.000825047492980957, "t_ifft_cpp": 0.00037268, "t_ifft_return": 0.000507354736328125}], "hostname": "nid00234", "n0": 1024, "n1": 1024, "nb_proc": 256, "pid": 21970, "time_as_str": "2017-10-31_14-06-49"}
