{"benchmarks_classes": [{"name": "fft2dmpiwithfftw1d", "t_fft_as_arg": 0.0070037841796875, "t_fft_cpp": 0.0069952999999999994, "t_fft_return": 0.007002472877502441, "t_ifft_as_arg": 0.007380008697509766, "t_ifft_cpp": 0.00730554, "t_ifft_return": 0.007511019706726074}, {"name": "fft2dmpiwithfftwmpi2d", "t_fft_as_arg": 0.002881646156311035, "t_fft_cpp": 0.00288154, "t_fft_return": 0.0028895139694213867, "t_ifft_as_arg": 0.0033299922943115234, "t_ifft_cpp": 0.0033367999999999996, "t_ifft_return": 0.003324151039123535}], "hostname": "nid02003", "n0": 1024, "n1": 1024, "nb_proc": 4, "pid": 63156, "time_as_str": "2017-10-31_14-07-01"}
