{"benchmarks_classes": [{"name": "fft2dmpiwithfftw1d", "t_fft_as_arg": 0.0028203725814819336, "t_fft_cpp": 0.0028761399999999997, "t_fft_return": 0.0027844905853271484, "t_ifft_as_arg": 0.0031191110610961914, "t_ifft_cpp": 0.00306688, "t_ifft_return": 0.0031119585037231445}], "hostname": "nid01293", "n0": 1024, "n1": 1024, "nb_proc": 16, "pid": 64745, "time_as_str": "2017-10-14_08-16-24"}
