{"benchmarks_classes": [{"name": "fft2dmpiwithfftw1d", "t_fft_as_arg": 0.0019248723983764648, "t_fft_cpp": 0.00200086, "t_fft_return": 0.0019419193267822266, "t_ifft_as_arg": 0.0020368099212646484, "t_ifft_cpp": 0.0020126, "t_ifft_return": 0.0023698806762695312}, {"name": "fft2dmpiwithfftwmpi2d", "t_fft_as_arg": 0.0007714033126831055, "t_fft_cpp": 0.0007710400000000001, "t_fft_return": 0.0007704496383666992, "t_ifft_as_arg": 0.0005170106887817383, "t_ifft_cpp": 0.0005203, "t_ifft_return": 0.0008736848831176758}], "hostname": "nid01216", "n0": 1024, "n1": 1024, "nb_proc": 128, "pid": 22820, "time_as_str": "2017-10-31_14-07-47"}
