{"benchmarks_classes": [{"name": "fft2dmpiwithfftw1d", "t_fft_as_arg": 0.012984275817871094, "t_fft_cpp": 0.0123388, "t_fft_return": 0.013109326362609863, "t_ifft_as_arg": 0.013892054557800293, "t_ifft_cpp": 0.01421516, "t_ifft_return": 0.01186668872833252}, {"name": "fft2dmpiwithfftwmpi2d", "t_fft_as_arg": 0.0048525333404541016, "t_fft_cpp": 0.0048083399999999995, "t_fft_return": 0.004862666130065918, "t_ifft_as_arg": 0.005701661109924316, "t_ifft_cpp": 0.005761420000000001, "t_ifft_return": 0.005519390106201172}], "hostname": "nid01928", "n0": 1024, "n1": 1024, "nb_proc": 2, "pid": 37650, "time_as_str": "2017-10-31_14-06-43"}
