{"benchmarks_classes": [{"name": "fft2dmpiwithfftw1d", "t_fft_as_arg": 0.0028047561645507812, "t_fft_cpp": 0.0028828600000000005, "t_fft_return": 0.0027115345001220703, "t_ifft_as_arg": 0.003034234046936035, "t_ifft_cpp": 0.0029961799999999998, "t_ifft_return": 0.0030722618103027344}], "hostname": "nid01983", "n0": 1024, "n1": 1024, "nb_proc": 16, "pid": 12570, "time_as_str": "2017-10-14_09-19-10"}
