{"benchmarks_classes": [{"name": "fft2dmpiwithfftw1d", "t_fft_as_arg": 0.012935757637023926, "t_fft_cpp": 0.011753940000000001, "t_fft_return": 0.012815237045288086, "t_ifft_as_arg": 0.012421607971191406, "t_ifft_cpp": 0.012369419999999999, "t_ifft_return": 0.011306524276733398}], "hostname": "nid01983", "n0": 1024, "n1": 1024, "nb_proc": 2, "pid": 12380, "time_as_str": "2017-10-14_09-17-47"}
