{"benchmarks_classes": [{"name": "fft2dmpiwithfftw1d", "t_fft_as_arg": 0.007731437683105469, "t_fft_cpp": 0.00771412, "t_fft_return": 0.007714986801147461, "t_ifft_as_arg": 0.00799548625946045, "t_ifft_cpp": 0.008008139999999999, "t_ifft_return": 0.008063554763793945}, {"name": "fft2dmpiwithfftwmpi2d", "t_fft_as_arg": 0.0032309293746948242, "t_fft_cpp": 0.0031945600000000004, "t_fft_return": 0.0032205581665039062, "t_ifft_as_arg": 0.003702402114868164, "t_ifft_cpp": 0.00369526, "t_ifft_return": 0.00372922420501709}], "hostname": "nid01216", "n0": 1024, "n1": 1024, "nb_proc": 4, "pid": 22321, "time_as_str": "2017-10-31_14-04-43"}
