{"benchmarks_classes": [{"name": "fft2dmpiwithfftw1d", "t_fft_as_arg": 0.0029157400131225586, "t_fft_cpp": 0.0031228000000000002, "t_fft_return": 0.0029250383377075195, "t_ifft_as_arg": 0.0032051801681518555, "t_ifft_cpp": 0.003183, "t_ifft_return": 0.003214716911315918}], "hostname": "nid01254", "n0": 1024, "n1": 1024, "nb_proc": 64, "pid": 31437, "time_as_str": "2017-10-14_09-10-10"}
