{"benchmarks_classes": [{"name": "fft2dmpiwithfftw1d", "t_fft_as_arg": 0.0029982328414916992, "t_fft_cpp": 0.0032445200000000003, "t_fft_return": 0.0030194520950317383, "t_ifft_as_arg": 0.003323197364807129, "t_ifft_cpp": 0.00327566, "t_ifft_return": 0.0032733678817749023}], "hostname": "nid01263", "n0": 1024, "n1": 1024, "nb_proc": 64, "pid": 29530, "time_as_str": "2017-10-14_09-20-35"}
