{"benchmarks_classes": [{"name": "fft2dmpiwithfftw1d", "t_fft_as_arg": 0.001915574073791504, "t_fft_cpp": 0.00199018, "t_fft_return": 0.0018966197967529297, "t_ifft_as_arg": 0.002025008201599121, "t_ifft_cpp": 0.0020091600000000003, "t_ifft_return": 0.0023642778396606445}, {"name": "fft2dmpiwithfftwmpi2d", "t_fft_as_arg": 0.0007706880569458008, "t_fft_cpp": 0.000799, "t_fft_return": 0.0007727146148681641, "t_ifft_as_arg": 0.0005184412002563477, "t_ifft_cpp": 0.0005078, "t_ifft_return": 0.0006053447723388672}], "hostname": "nid01216", "n0": 1024, "n1": 1024, "nb_proc": 128, "pid": 22186, "time_as_str": "2017-10-31_14-03-22"}
