{"benchmarks_classes": [{"name": "fft2dmpiwithfftw1d", "t_fft_as_arg": 0.0012968778610229492, "t_fft_cpp": 0.0016343199999999999, "t_fft_return": 0.0013068914413452148, "t_ifft_as_arg": 0.0013911724090576172, "t_ifft_cpp": 0.00159966, "t_ifft_return": 0.0013631582260131836}], "hostname": "nid01292", "n0": 1024, "n1": 1024, "nb_proc": 256, "pid": 53529, "time_as_str": "2017-10-14_08-23-02"}
