{"benchmarks_classes": [{"name": "fft2dmpiwithfftw1d", "t_fft_as_arg": 0.005036711692810059, "t_fft_cpp": 0.005100240000000001, "t_fft_return": 0.004749655723571777, "t_ifft_as_arg": 0.005509495735168457, "t_ifft_cpp": 0.00554502, "t_ifft_return": 0.0061147212982177734}], "hostname": "nid01263", "n0": 1024, "n1": 1024, "nb_proc": 8, "pid": 28619, "time_as_str": "2017-10-14_09-08-45"}
