{"benchmarks_classes": [{"name": "fft2dmpiwithfftw1d", "t_fft_as_arg": 0.0015022754669189453, "t_fft_cpp": 0.0015141599999999999, "t_fft_return": 0.001530766487121582, "t_ifft_as_arg": 0.0015523433685302734, "t_ifft_cpp": 0.00154626, "t_ifft_return": 0.001547098159790039}, {"name": "fft2dmpiwithfftwmpi2d", "t_fft_as_arg": 0.0005620718002319336, "t_fft_cpp": 0.00065818, "t_fft_return": 0.0005705356597900391, "t_ifft_as_arg": 0.0006188154220581055, "t_ifft_cpp": 0.0006320399999999999, "t_ifft_return": 0.0029916763305664062}], "hostname": "nid01219", "n0": 1024, "n1": 1024, "nb_proc": 32, "pid": 36652, "time_as_str": "2017-10-31_14-04-58"}
