{"benchmarks_classes": [{"name": "fft2dmpiwithfftw1d", "t_fft_as_arg": 0.004890084266662598, "t_fft_cpp": 0.0049286799999999995, "t_fft_return": 0.004955291748046875, "t_ifft_as_arg": 0.005836009979248047, "t_ifft_cpp": 0.0058628199999999995, "t_ifft_return": 0.005729079246520996}, {"name": "fft2dmpiwithfftwmpi2d", "t_fft_as_arg": 0.001660466194152832, "t_fft_cpp": 0.0016706, "t_fft_return": 0.001657247543334961, "t_ifft_as_arg": 0.0018361806869506836, "t_ifft_cpp": 0.00183062, "t_ifft_return": 0.0018720626831054688}], "hostname": "nid01217", "n0": 1024, "n1": 1024, "nb_proc": 8, "pid": 31196, "time_as_str": "2017-10-31_14-04-46"}
