{"benchmarks_classes": [{"name": "fft2dmpiwithfftw1d", "t_fft_as_arg": 0.0018923282623291016, "t_fft_cpp": 0.002191620000000001, "t_fft_return": 0.0019305944442749023, "t_ifft_as_arg": 0.001998424530029297, "t_ifft_cpp": 0.00208536, "t_ifft_return": 0.0020771026611328125}], "hostname": "nid01232", "n0": 1024, "n1": 1024, "nb_proc": 128, "pid": 63688, "time_as_str": "2017-10-14_09-09-55"}
