{"benchmarks_classes": [{"name": "fft2dmpiwithfftw1d", "t_fft_as_arg": 0.004936814308166504, "t_fft_cpp": 0.00484962, "t_fft_return": 0.004922628402709961, "t_ifft_as_arg": 0.005628824234008789, "t_ifft_cpp": 0.00535884, "t_ifft_return": 0.005107522010803223}, {"name": "fft2dmpiwithfftwmpi2d", "t_fft_as_arg": 0.0016489028930664062, "t_fft_cpp": 0.00164546, "t_fft_return": 0.0016524791717529297, "t_ifft_as_arg": 0.0018535852432250977, "t_ifft_cpp": 0.00184792, "t_ifft_return": 0.0018504858016967773}], "hostname": "nid01217", "n0": 1024, "n1": 1024, "nb_proc": 8, "pid": 30778, "time_as_str": "2017-10-31_14-01-46"}
