{"benchmarks_classes": [{"name": "fft2dmpiwithfftw1d", "t_fft_as_arg": 0.012944936752319336, "t_fft_cpp": 0.01222476, "t_fft_return": 0.012850046157836914, "t_ifft_as_arg": 0.014106154441833496, "t_ifft_cpp": 0.01357278, "t_ifft_return": 0.011728882789611816}, {"name": "fft2dmpiwithfftwmpi2d", "t_fft_as_arg": 0.0048716068267822266, "t_fft_cpp": 0.00484024, "t_fft_return": 0.004819989204406738, "t_ifft_as_arg": 0.005682706832885742, "t_ifft_cpp": 0.00576088, "t_ifft_return": 0.005638003349304199}], "hostname": "nid01928", "n0": 1024, "n1": 1024, "nb_proc": 2, "pid": 37356, "time_as_str": "2017-10-31_14-01-48"}
