{"benchmarks_classes": [{"name": "fft2dmpiwithfftw1d", "t_fft_as_arg": 0.0045795440673828125, "t_fft_cpp": 0.00466048, "t_fft_return": 0.004597783088684082, "t_ifft_as_arg": 0.005221843719482422, "t_ifft_cpp": 0.0052029599999999995, "t_ifft_return": 0.0058367252349853516}], "hostname": "nid01391", "n0": 1024, "n1": 1024, "nb_proc": 8, "pid": 23320, "time_as_str": "2017-10-14_09-17-47"}
