{"benchmarks_classes": [{"name": "fft2dmpiwithfftw1d", "t_fft_as_arg": 0.004718184471130371, "t_fft_cpp": 0.00473816, "t_fft_return": 0.004716396331787109, "t_ifft_as_arg": 0.005840301513671875, "t_ifft_cpp": 0.0056646, "t_ifft_return": 0.005725383758544922}, {"name": "fft2dmpiwithfftwmpi2d", "t_fft_as_arg": 0.0016154050827026367, "t_fft_cpp": 0.0016114200000000001, "t_fft_return": 0.0016117095947265625, "t_ifft_as_arg": 0.0018488168716430664, "t_ifft_cpp": 0.0018475800000000001, "t_ifft_return": 0.0018759965896606445}], "hostname": "nid02038", "n0": 1024, "n1": 1024, "nb_proc": 8, "pid": 55406, "time_as_str": "2017-10-31_14-06-13"}
