{"benchmarks_classes": [{"name": "fft2dmpiwithfftw1d", "t_fft_as_arg": 0.0029162168502807617, "t_fft_cpp": 0.00282572, "t_fft_return": 0.002706289291381836, "t_ifft_as_arg": 0.00317990779876709, "t_ifft_cpp": 0.0032052599999999997, "t_ifft_return": 0.0031915903091430664}, {"name": "fft2dmpiwithfftwmpi2d", "t_fft_as_arg": 0.001005411148071289, "t_fft_cpp": 0.00100326, "t_fft_return": 0.0010286569595336914, "t_ifft_as_arg": 0.0013835430145263672, "t_ifft_cpp": 0.0013662599999999991, "t_ifft_return": 0.0025631189346313477}], "hostname": "nid00693", "n0": 1024, "n1": 1024, "nb_proc": 16, "pid": 7880, "time_as_str": "2017-10-31_14-06-53"}
