{"benchmarks_classes": [{"name": "fft2dmpiwithfftw1d", "t_fft_as_arg": 0.006975293159484863, "t_fft_cpp": 0.007128680000000001, "t_fft_return": 0.006934762001037598, "t_ifft_as_arg": 0.007038235664367676, "t_ifft_cpp": 0.00702002, "t_ifft_return": 0.007001042366027832}], "hostname": "nid01263", "n0": 1024, "n1": 1024, "nb_proc": 4, "pid": 29030, "time_as_str": "2017-10-14_09-17-47"}
