{"benchmarks_classes": [{"name": "fft2dmpiwithfftw1d", "t_fft_as_arg": 0.013042569160461426, "t_fft_cpp": 0.01244532, "t_fft_return": 0.013152599334716797, "t_ifft_as_arg": 0.013875842094421387, "t_ifft_cpp": 0.013792720000000001, "t_ifft_return": 0.013048052787780762}], "hostname": "nid01232", "n0": 1024, "n1": 1024, "nb_proc": 2, "pid": 63435, "time_as_str": "2017-10-14_09-08-31"}
