{"benchmarks_classes": [{"name": "fft2dmpiwithfftw1d", "t_fft_as_arg": 0.0015236139297485352, "t_fft_cpp": 0.0015072, "t_fft_return": 0.0015273094177246094, "t_ifft_as_arg": 0.0015499591827392578, "t_ifft_cpp": 0.0015467800000000002, "t_ifft_return": 0.0015549659729003906}, {"name": "fft2dmpiwithfftwmpi2d", "t_fft_as_arg": 0.0005627870559692383, "t_fft_cpp": 0.0005935, "t_fft_return": 0.0005675554275512695, "t_ifft_as_arg": 0.0006239414215087891, "t_ifft_cpp": 0.00066056, "t_ifft_return": 0.0025626420974731445}], "hostname": "nid01219", "n0": 1024, "n1": 1024, "nb_proc": 32, "pid": 36158, "time_as_str": "2017-10-31_14-01-46"}
