{"benchmarks_classes": [{"name": "fft2dmpiwithfftw1d", "t_fft_as_arg": 0.001510024070739746, "t_fft_cpp": 0.00151812, "t_fft_return": 0.001523137092590332, "t_ifft_as_arg": 0.0015510320663452148, "t_ifft_cpp": 0.0015450400000000001, "t_ifft_return": 0.002178192138671875}, {"name": "fft2dmpiwithfftwmpi2d", "t_fft_as_arg": 0.0005627870559692383, "t_fft_cpp": 0.00057884, "t_fft_return": 0.0005687475204467773, "t_ifft_as_arg": 0.0006275177001953125, "t_ifft_cpp": 0.0006350600000000001, "t_ifft_return": 0.0029213428497314453}], "hostname": "nid01315", "n0": 1024, "n1": 1024, "nb_proc": 32, "pid": 9423, "time_as_str": "2017-10-31_14-06-17"}
