{"benchmarks_classes": [{"name": "fft2dmpiwithfftw1d", "t_fft_as_arg": 0.0012600421905517578, "t_fft_cpp": 0.0016485199999999999, "t_fft_return": 0.001240372657775879, "t_ifft_as_arg": 0.0012912750244140625, "t_ifft_cpp": 0.00154686, "t_ifft_return": 0.0013298988342285156}], "hostname": "nid01177", "n0": 1024, "n1": 1024, "nb_proc": 256, "pid": 14578, "time_as_str": "2017-10-14_09-21-58"}
