{"benchmarks_classes": [{"name": "fft2dmpiwithfftw1d", "t_fft_as_arg": 0.0030074119567871094, "t_fft_cpp": 0.0032023200000000003, "t_fft_return": 0.0030159950256347656, "t_ifft_as_arg": 0.0033409595489501953, "t_ifft_cpp": 0.0034100999999999997, "t_ifft_return": 0.003736257553100586}, {"name": "fft2dmpiwithfftwmpi2d", "t_fft_as_arg": 0.0005712509155273438, "t_fft_cpp": 0.00063144, "t_fft_return": 0.0005880594253540039, "t_ifft_as_arg": 0.0005700588226318359, "t_ifft_cpp": 0.00061796, "t_ifft_return": 0.0015578269958496094}], "hostname": "nid01315", "n0": 1024, "n1": 1024, "nb_proc": 64, "pid": 8881, "time_as_str": "2017-10-31_14-02-25"}
