{"benchmarks_classes": [{"name": "fft2dmpiwithfftw1d", "t_fft_as_arg": 0.0019205808639526367, "t_fft_cpp": 0.00199826, "t_fft_return": 0.0019097328186035156, "t_ifft_as_arg": 0.0020183324813842773, "t_ifft_cpp": 0.00201674, "t_ifft_return": 0.0022280216217041016}, {"name": "fft2dmpiwithfftwmpi2d", "t_fft_as_arg": 0.0008043050765991211, "t_fft_cpp": 0.0008552400000000001, "t_fft_return": 0.0008295774459838867, "t_ifft_as_arg": 0.0005534887313842773, "t_ifft_cpp": 0.00055534, "t_ifft_return": 0.000977635383605957}], "hostname": "nid01216", "n0": 1024, "n1": 1024, "nb_proc": 128, "pid": 22564, "time_as_str": "2017-10-31_14-06-52"}
