{"benchmarks_classes": [{"name": "fft2dmpiwithfftw1d", "t_fft_as_arg": 0.0027718544006347656, "t_fft_cpp": 0.0027835600000000005, "t_fft_return": 0.0028307437896728516, "t_ifft_as_arg": 0.003133058547973633, "t_ifft_cpp": 0.0031186000000000005, "t_ifft_return": 0.0031480789184570312}], "hostname": "nid01254", "n0": 1024, "n1": 1024, "nb_proc": 16, "pid": 31221, "time_as_str": "2017-10-14_09-08-35"}
