{"benchmarks_classes": [{"name": "fft2dmpiwithfftw1d", "t_fft_as_arg": 0.007712364196777344, "t_fft_cpp": 0.0076494200000000005, "t_fft_return": 0.007729530334472656, "t_ifft_as_arg": 0.007996559143066406, "t_ifft_cpp": 0.0080027, "t_ifft_return": 0.008007645606994629}, {"name": "fft2dmpiwithfftwmpi2d", "t_fft_as_arg": 0.003172755241394043, "t_fft_cpp": 0.00318402, "t_fft_return": 0.00316464900970459, "t_ifft_as_arg": 0.003735065460205078, "t_ifft_cpp": 0.0037418800000000004, "t_ifft_return": 0.003758072853088379}], "hostname": "nid01216", "n0": 1024, "n1": 1024, "nb_proc": 4, "pid": 21963, "time_as_str": "2017-10-31_14-01-54"}
