{"benchmarks_classes": [{"name": "fft2dmpiwithfftw1d", "t_fft_as_arg": 0.0013949871063232422, "t_fft_cpp": 0.00226998, "t_fft_return": 0.0016176700592041016, "t_ifft_as_arg": 0.0017044544219970703, "t_ifft_cpp": 0.00165128, "t_ifft_return": 0.0016269683837890625}, {"name": "fft2dmpiwithfftwmpi2d", "t_fft_as_arg": 0.003636956214904785, "t_fft_cpp": 0.00334632, "t_fft_return": 0.002137899398803711, "t_ifft_as_arg": 0.00036978721618652344, "t_ifft_cpp": 0.00037026, "t_ifft_return": 0.0003641843795776367}], "hostname": "nid00234", "n0": 1024, "n1": 1024, "nb_proc": 256, "pid": 22476, "time_as_str": "2017-10-31_14-08-40"}
