{"benchmarks_classes": [{"name": "fft2dmpiwithfftw1d", "t_fft_as_arg": 0.00699925422668457, "t_fft_cpp": 0.00708586, "t_fft_return": 0.0069921016693115234, "t_ifft_as_arg": 0.007454395294189453, "t_ifft_cpp": 0.007182519999999999, "t_ifft_return": 0.007021784782409668}], "hostname": "nid01265", "n0": 1024, "n1": 1024, "nb_proc": 4, "pid": 13079, "time_as_str": "2017-10-14_08-16-24"}
