{"benchmarks_classes": [{"name": "fft2dmpiwithfftw1d", "t_fft_as_arg": 0.012915253639221191, "t_fft_cpp": 0.01233226, "t_fft_return": 0.013115167617797852, "t_ifft_as_arg": 0.013815045356750488, "t_ifft_cpp": 0.0138737, "t_ifft_return": 0.011715412139892578}, {"name": "fft2dmpiwithfftwmpi2d", "t_fft_as_arg": 0.004903197288513184, "t_fft_cpp": 0.004862299999999999, "t_fft_return": 0.004895329475402832, "t_ifft_as_arg": 0.005704522132873535, "t_ifft_cpp": 0.00576216, "t_ifft_return": 0.00560760498046875}], "hostname": "nid01928", "n0": 1024, "n1": 1024, "nb_proc": 2, "pid": 37511, "time_as_str": "2017-10-31_14-04-36"}
