{"benchmarks_classes": [{"name": "fft2dmpiwithfftw1d", "t_fft_as_arg": 0.0026868581771850586, "t_fft_cpp": 0.00271296, "t_fft_return": 0.002675652503967285, "t_ifft_as_arg": 0.0031222105026245117, "t_ifft_cpp": 0.0030832799999999994, "t_ifft_return": 0.0049037933349609375}, {"name": "fft2dmpiwithfftwmpi2d", "t_fft_as_arg": 0.0009979009628295898, "t_fft_cpp": 0.00100282, "t_fft_return": 0.0009948015213012695, "t_ifft_as_arg": 0.0013159513473510742, "t_ifft_cpp": 0.0013216600000000001, "t_ifft_return": 0.0025252103805541992}], "hostname": "nid01218", "n0": 1024, "n1": 1024, "nb_proc": 16, "pid": 36834, "time_as_str": "2017-10-31_14-02-02"}
