{"benchmarks_classes": [{"name": "fft2dmpiwithfftw1d", "t_fft_as_arg": 0.0028634071350097656, "t_fft_cpp": 0.00282812, "t_fft_return": 0.0027840137481689453, "t_ifft_as_arg": 0.003159046173095703, "t_ifft_cpp": 0.0031188599999999998, "t_ifft_return": 0.003143310546875}, {"name": "fft2dmpiwithfftwmpi2d", "t_fft_as_arg": 0.0009834766387939453, "t_fft_cpp": 0.00098474, "t_fft_return": 0.0009891986846923828, "t_ifft_as_arg": 0.0013265609741210938, "t_ifft_cpp": 0.0013405600000000002, "t_ifft_return": 0.0013622045516967773}], "hostname": "nid01218", "n0": 1024, "n1": 1024, "nb_proc": 16, "pid": 37291, "time_as_str": "2017-10-31_14-04-24"}
