{"benchmarks_classes": [{"name": "fft2dmpiwithfftw1d", "t_fft_as_arg": 0.001523733139038086, "t_fft_cpp": 0.0015218999999999999, "t_fft_return": 0.001535177230834961, "t_ifft_as_arg": 0.0015529394149780273, "t_ifft_cpp": 0.00154894, "t_ifft_return": 0.0016179084777832031}], "hostname": "nid01263", "n0": 1024, "n1": 1024, "nb_proc": 32, "pid": 29274, "time_as_str": "2017-10-14_09-19-11"}
