{"benchmarks_classes": [{"name": "fft2dmpiwithfftw1d", "t_fft_as_arg": 0.00477910041809082, "t_fft_cpp": 0.0048463000000000004, "t_fft_return": 0.004830837249755859, "t_ifft_as_arg": 0.006014704704284668, "t_ifft_cpp": 0.00590476, "t_ifft_return": 0.006337642669677734}], "hostname": "nid01292", "n0": 1024, "n1": 1024, "nb_proc": 8, "pid": 53066, "time_as_str": "2017-10-14_08-16-24"}
