{"benchmarks_classes": [{"name": "fft2dmpiwithfftw1d", "t_fft_as_arg": 0.0014650821685791016, "t_fft_cpp": 0.00254826, "t_fft_return": 0.0014374256134033203, "t_ifft_as_arg": 0.0013927221298217773, "t_ifft_cpp": 0.00218576, "t_ifft_return": 0.0015978813171386719}, {"name": "fft2dmpiwithfftwmpi2d", "t_fft_as_arg": 0.0028734207153320312, "t_fft_cpp": 0.00288334, "t_fft_return": 0.00383603572845459, "t_ifft_as_arg": 0.0003873109817504883, "t_ifft_cpp": 0.0007285400000000001, "t_ifft_return": 0.0003800392150878906}], "hostname": "nid00234", "n0": 1024, "n1": 1024, "nb_proc": 256, "pid": 22228, "time_as_str": "2017-10-31_14-07-44"}
