{"benchmarks_classes": [{"name": "fft2dmpiwithfftw1d", "t_fft_as_arg": 0.0012440681457519531, "t_fft_cpp": 0.00151352, "t_fft_return": 0.0012788772583007812, "t_ifft_as_arg": 0.0012879371643066406, "t_ifft_cpp": 0.0013104199999999999, "t_ifft_return": 0.0013824701309204102}], "hostname": "nid01267", "n0": 1024, "n1": 1024, "nb_proc": 256, "pid": 22508, "time_as_str": "2017-10-14_09-21-58"}
