{"benchmarks_classes": [{"name": "fft2dmpiwithfftw1d", "t_fft_as_arg": 0.0031065940856933594, "t_fft_cpp": 0.00315338, "t_fft_return": 0.0030356645584106445, "t_ifft_as_arg": 0.0033415555953979492, "t_ifft_cpp": 0.0034460599999999995, "t_ifft_return": 0.003571033477783203}, {"name": "fft2dmpiwithfftwmpi2d", "t_fft_as_arg": 0.0005701780319213867, "t_fft_cpp": 0.00102616, "t_fft_return": 0.0005841255187988281, "t_ifft_as_arg": 0.0005530118942260742, "t_ifft_cpp": 0.0006806, "t_ifft_return": 0.0009824037551879883}], "hostname": "nid01928", "n0": 1024, "n1": 1024, "nb_proc": 64, "pid": 37860, "time_as_str": "2017-10-31_14-07-31"}
