{"benchmarks_classes": [{"name": "fft2dmpiwithfftw1d", "t_fft_as_arg": 0.0019104480743408203, "t_fft_cpp": 0.002168380000000001, "t_fft_return": 0.0019224882125854492, "t_ifft_as_arg": 0.0020371675491333008, "t_ifft_cpp": 0.00200564, "t_ifft_return": 0.002072572708129883}], "hostname": "nid01292", "n0": 1024, "n1": 1024, "nb_proc": 128, "pid": 53300, "time_as_str": "2017-10-14_08-17-42"}
