{"benchmarks_classes": [{"name": "fft2dmpiwithfftw1d", "t_fft_as_arg": 0.001149892807006836, "t_fft_cpp": 0.01554706, "t_fft_return": 0.0011568069458007812, "t_ifft_as_arg": 0.0011159181594848633, "t_ifft_cpp": 0.00110686, "t_ifft_return": 0.0021436214447021484}, {"name": "fft2dmpiwithfftwmpi2d", "t_fft_as_arg": 0.0011500120162963867, "t_fft_cpp": 0.0011454400000000002, "t_fft_return": 0.0011638402938842773, "t_ifft_as_arg": 0.0012878179550170898, "t_ifft_cpp": 0.00132636, "t_ifft_return": 0.0030416250228881836}], "hostname": "n1268", "n0": 1024, "n1": 1024, "nb_proc": 32, "pid": 29235, "time_as_str": "2017-10-10_03-06-48"}
