{"benchmarks_classes": [{"name": "fft2dmpiwithfftw1d", "t_fft_as_arg": 0.001161336898803711, "t_fft_cpp": 0.00373676, "t_fft_return": 0.0011750459671020508, "t_ifft_as_arg": 0.0011218786239624023, "t_ifft_cpp": 0.00112206, "t_ifft_return": 0.0021494626998901367}, {"name": "fft2dmpiwithfftwmpi2d", "t_fft_as_arg": 0.0011631250381469727, "t_fft_cpp": 0.0011575000000000001, "t_fft_return": 0.0011813640594482422, "t_ifft_as_arg": 0.001275181770324707, "t_ifft_cpp": 0.00127048, "t_ifft_return": 0.0029621124267578125}], "hostname": "n1469", "n0": 1024, "n1": 1024, "nb_proc": 32, "pid": 32888, "time_as_str": "2017-10-10_03-17-44"}
