{"benchmarks_classes": [{"name": "fft2dmpiwithfftw1d", "t_fft_as_arg": 0.002776026725769043, "t_fft_cpp": 0.011545399999999999, "t_fft_return": 0.002763032913208008, "t_ifft_as_arg": 0.002771735191345215, "t_ifft_cpp": 0.00277828, "t_ifft_return": 0.00301516056060791}, {"name": "fft2dmpiwithfftwmpi2d", "t_fft_as_arg": 0.004526495933532715, "t_fft_cpp": 0.0045448599999999995, "t_fft_return": 0.004521965980529785, "t_ifft_as_arg": 0.0006296634674072266, "t_ifft_cpp": 0.00061222, "t_ifft_return": 0.0011622905731201172}], "hostname": "n179", "n0": 1024, "n1": 1024, "nb_proc": 128, "pid": 10867, "time_as_str": "2017-10-10_03-23-32"}
