{"benchmarks_classes": [{"name": "fft2dmpiwithfftw1d", "t_fft_as_arg": 0.011350274085998535, "t_fft_cpp": 0.011465939999999999, "t_fft_return": 0.011484980583190918, "t_ifft_as_arg": 0.01351618766784668, "t_ifft_cpp": 0.01542378, "t_ifft_return": 0.014298677444458008}, {"name": "fft2dmpiwithfftwmpi2d", "t_fft_as_arg": 0.008397698402404785, "t_fft_cpp": 0.0085577, "t_fft_return": 0.008768796920776367, "t_ifft_as_arg": 0.009399652481079102, "t_ifft_cpp": 0.00985622, "t_ifft_return": 0.009251594543457031}], "hostname": "n123", "n0": 1024, "n1": 1024, "nb_proc": 2, "pid": 34354, "time_as_str": "2017-10-09_23-42-51"}
