{"benchmarks_classes": [{"name": "fft2dmpiwithfftw1d", "t_fft_as_arg": 0.0011435747146606445, "t_fft_cpp": 0.007818199999999999, "t_fft_return": 0.0011587142944335938, "t_ifft_as_arg": 0.0011222362518310547, "t_ifft_cpp": 0.0011065, "t_ifft_return": 0.0018898248672485352}, {"name": "fft2dmpiwithfftwmpi2d", "t_fft_as_arg": 0.0011756420135498047, "t_fft_cpp": 0.0011598799999999999, "t_fft_return": 0.0011742115020751953, "t_ifft_as_arg": 0.0013475418090820312, "t_ifft_cpp": 0.0012308, "t_ifft_return": 0.002980470657348633}], "hostname": "n123", "n0": 1024, "n1": 1024, "nb_proc": 32, "pid": 39855, "time_as_str": "2017-10-10_01-07-47"}
