{"benchmarks_classes": [{"name": "fft2dmpiwithfftw1d", "t_fft_as_arg": 0.007111907005310059, "t_fft_cpp": 0.00724348, "t_fft_return": 0.006856083869934082, "t_ifft_as_arg": 0.008478403091430664, "t_ifft_cpp": 0.00948442, "t_ifft_return": 0.00982213020324707}, {"name": "fft2dmpiwithfftwmpi2d", "t_fft_as_arg": 0.005733966827392578, "t_fft_cpp": 0.00564432, "t_fft_return": 0.0056416988372802734, "t_ifft_as_arg": 0.006163358688354492, "t_ifft_cpp": 0.00611032, "t_ifft_return": 0.010854005813598633}], "hostname": "n166", "n0": 1024, "n1": 1024, "nb_proc": 4, "pid": 27689, "time_as_str": "2017-10-10_03-15-42"}
