{"benchmarks_classes": [{"name": "fft2dmpiwithfftw1d", "t_fft_as_arg": 0.0027762651443481445, "t_fft_cpp": 0.01064022, "t_fft_return": 0.0026903152465820312, "t_ifft_as_arg": 0.0027016401290893555, "t_ifft_cpp": 0.00319528, "t_ifft_return": 0.0031026601791381836}, {"name": "fft2dmpiwithfftwmpi2d", "t_fft_as_arg": 0.004421114921569824, "t_fft_cpp": 0.0044352, "t_fft_return": 0.0044623613357543945, "t_ifft_as_arg": 0.0006103515625, "t_ifft_cpp": 0.00061628, "t_ifft_return": 0.0011855363845825195}], "hostname": "n169", "n0": 1024, "n1": 1024, "nb_proc": 128, "pid": 5623, "time_as_str": "2017-10-10_03-41-31"}
