{"benchmarks_classes": [{"name": "fft2dmpiwithfftw1d", "t_fft_as_arg": 0.002596735954284668, "t_fft_cpp": 0.0025700199999999997, "t_fft_return": 0.002608180046081543, "t_ifft_as_arg": 0.002918839454650879, "t_ifft_cpp": 0.00287302, "t_ifft_return": 0.002969503402709961}, {"name": "fft2dmpiwithfftwmpi2d", "t_fft_as_arg": 0.0022919178009033203, "t_fft_cpp": 0.00228098, "t_fft_return": 0.0022524595260620117, "t_ifft_as_arg": 0.0022832155227661133, "t_ifft_cpp": 0.00233784, "t_ifft_return": 0.005821824073791504}], "hostname": "n1150", "n0": 1024, "n1": 1024, "nb_proc": 8, "pid": 18712, "time_as_str": "2017-10-09_23-42-51"}
