{"benchmarks_classes": [{"name": "fft2dmpiwithfftw1d", "t_fft_as_arg": 0.015366554260253906, "t_fft_cpp": 0.014667099999999999, "t_fft_return": 0.014374613761901855, "t_ifft_as_arg": 0.015568375587463379, "t_ifft_cpp": 0.01914184, "t_ifft_return": 0.01612842082977295}, {"name": "fft2dmpiwithfftwmpi2d", "t_fft_as_arg": 0.009311795234680176, "t_fft_cpp": 0.008818620000000001, "t_fft_return": 0.009419798851013184, "t_ifft_as_arg": 0.010758280754089355, "t_ifft_cpp": 0.01013244, "t_ifft_return": 0.009896397590637207}], "hostname": "n166", "n0": 1024, "n1": 1024, "nb_proc": 2, "pid": 27633, "time_as_str": "2017-10-10_03-15-42"}
