{"benchmarks_classes": [{"name": "fft2dmpiwithfftw1d", "t_fft_as_arg": 0.001375436782836914, "t_fft_cpp": 0.01058578, "t_fft_return": 0.0013649463653564453, "t_ifft_as_arg": 0.0013501644134521484, "t_ifft_cpp": 0.0014998200000000007, "t_ifft_return": 0.001970052719116211}, {"name": "fft2dmpiwithfftwmpi2d", "t_fft_as_arg": 0.0016903877258300781, "t_fft_cpp": 0.00164474, "t_fft_return": 0.0016808509826660156, "t_ifft_as_arg": 0.0008935928344726562, "t_ifft_cpp": 0.0008905600000000002, "t_ifft_return": 0.0016782283782958984}], "hostname": "n35", "n0": 1024, "n1": 1024, "nb_proc": 64, "pid": 53023, "time_as_str": "2017-10-10_02-23-55"}
