{"benchmarks_classes": [{"name": "fft2dmpiwithfftw1d", "t_fft_as_arg": 0.0014933347702026367, "t_fft_cpp": 0.0014877599999999999, "t_fft_return": 0.0015009641647338867, "t_ifft_as_arg": 0.0016427040100097656, "t_ifft_cpp": 0.0015948999999999991, "t_ifft_return": 0.0016762018203735352}, {"name": "fft2dmpiwithfftwmpi2d", "t_fft_as_arg": 0.001399993896484375, "t_fft_cpp": 0.00137888, "t_fft_return": 0.0014383792877197266, "t_ifft_as_arg": 0.0015887022018432617, "t_ifft_cpp": 0.00154548, "t_ifft_return": 0.0035750865936279297}], "hostname": "n156", "n0": 1024, "n1": 1024, "nb_proc": 16, "pid": 22013, "time_as_str": "2017-10-10_03-17-42"}
