{"benchmarks_classes": [{"name": "fft2dmpiwithfftw1d", "t_fft_as_arg": 0.005479693412780762, "t_fft_cpp": 0.00563798, "t_fft_return": 0.005263566970825195, "t_ifft_as_arg": 0.006963610649108887, "t_ifft_cpp": 0.007656619999999999, "t_ifft_return": 0.007580757141113281}, {"name": "fft2dmpiwithfftwmpi2d", "t_fft_as_arg": 0.004790067672729492, "t_fft_cpp": 0.00467772, "t_fft_return": 0.004674792289733887, "t_ifft_as_arg": 0.0048950910568237305, "t_ifft_cpp": 0.00504158, "t_ifft_return": 0.010772109031677246}], "hostname": "n123", "n0": 1024, "n1": 1024, "nb_proc": 4, "pid": 34439, "time_as_str": "2017-10-09_23-42-51"}
