{"benchmarks_classes": [{"name": "fft2dmpiwithfftw1d", "t_fft_as_arg": 0.0013508796691894531, "t_fft_cpp": 0.010362439999999999, "t_fft_return": 0.0013594627380371094, "t_ifft_as_arg": 0.0013418197631835938, "t_ifft_cpp": 0.006369400000000001, "t_ifft_return": 0.0019925832748413086}, {"name": "fft2dmpiwithfftwmpi2d", "t_fft_as_arg": 0.0016579627990722656, "t_fft_cpp": 0.001603779999999999, "t_fft_return": 0.0016427040100097656, "t_ifft_as_arg": 0.000897526741027832, "t_ifft_cpp": 0.00090948, "t_ifft_return": 0.0014802217483520508}], "hostname": "n962", "n0": 1024, "n1": 1024, "nb_proc": 64, "pid": 6948, "time_as_str": "2017-10-10_03-08-48"}
