{"benchmarks_classes": [{"name": "fft2dmpiwithfftw1d", "t_fft_as_arg": 0.0065882205963134766, "t_fft_cpp": 0.0066317599999999996, "t_fft_return": 0.006333827972412109, "t_ifft_as_arg": 0.008598089218139648, "t_ifft_cpp": 0.008893640000000001, "t_ifft_return": 0.008867383003234863}, {"name": "fft2dmpiwithfftwmpi2d", "t_fft_as_arg": 0.005736947059631348, "t_fft_cpp": 0.005875040000000001, "t_fft_return": 0.005734682083129883, "t_ifft_as_arg": 0.00633394718170166, "t_ifft_cpp": 0.006576360000000001, "t_ifft_return": 0.006305813789367676}], "hostname": "n168", "n0": 1024, "n1": 1024, "nb_proc": 4, "pid": 41273, "time_as_str": "2017-10-10_03-06-48"}
