{"benchmarks_classes": [{"name": "fft2dmpiwithfftw1d", "t_fft_as_arg": 0.0027736425399780273, "t_fft_cpp": 0.011184860000000001, "t_fft_return": 0.002778768539428711, "t_ifft_as_arg": 0.0026856660842895508, "t_ifft_cpp": 0.00844924, "t_ifft_return": 0.003132343292236328}, {"name": "fft2dmpiwithfftwmpi2d", "t_fft_as_arg": 0.004384517669677734, "t_fft_cpp": 0.006846239999999999, "t_fft_return": 0.0043991804122924805, "t_ifft_as_arg": 0.0006103515625, "t_ifft_cpp": 0.00061682, "t_ifft_return": 0.001192927360534668}], "hostname": "n977", "n0": 1024, "n1": 1024, "nb_proc": 128, "pid": 26519, "time_as_str": "2017-10-10_02-23-55"}
