{"benchmarks_classes": [{"name": "fft2dmpiwithfftw1d", "t_fft_as_arg": 0.001469254493713379, "t_fft_cpp": 0.0014430399999999998, "t_fft_return": 0.0014867782592773438, "t_ifft_as_arg": 0.0015811920166015625, "t_ifft_cpp": 0.0015114, "t_ifft_return": 0.002682805061340332}, {"name": "fft2dmpiwithfftwmpi2d", "t_fft_as_arg": 0.0014232397079467773, "t_fft_cpp": 0.00138692, "t_fft_return": 0.0014455318450927734, "t_ifft_as_arg": 0.001573324203491211, "t_ifft_cpp": 0.00153856, "t_ifft_return": 0.004117131233215332}], "hostname": "n345", "n0": 1024, "n1": 1024, "nb_proc": 16, "pid": 59176, "time_as_str": "2017-10-10_03-06-48"}
