{"benchmarks_classes": [{"name": "fft2dmpiwithfftw1d", "t_fft_as_arg": 0.0038344860076904297, "t_fft_cpp": 0.006095520000000001, "t_fft_return": 0.0037636756896972656, "t_ifft_as_arg": 0.005260109901428223, "t_ifft_cpp": 0.00518256, "t_ifft_return": 0.006924033164978027}, {"name": "fft2dmpiwithfftwmpi2d", "t_fft_as_arg": 0.0029543638229370117, "t_fft_cpp": 0.002995859999999999, "t_fft_return": 0.0029828548431396484, "t_ifft_as_arg": 0.0031883716583251953, "t_ifft_cpp": 0.00323698, "t_ifft_return": 0.006540060043334961}], "hostname": "n168", "n0": 1024, "n1": 1024, "nb_proc": 8, "pid": 41340, "time_as_str": "2017-10-10_03-06-48"}
