{"benchmarks_classes": [{"name": "fft2dmpiwithfftw1d", "t_fft_as_arg": 0.0014765262603759766, "t_fft_cpp": 0.0014684199999999991, "t_fft_return": 0.0014996528625488281, "t_ifft_as_arg": 0.0015676021575927734, "t_ifft_cpp": 0.0015398, "t_ifft_return": 0.0017620325088500977}, {"name": "fft2dmpiwithfftwmpi2d", "t_fft_as_arg": 0.0014134645462036133, "t_fft_cpp": 0.0013965800000000001, "t_fft_return": 0.0014519691467285156, "t_ifft_as_arg": 0.0016205310821533203, "t_ifft_cpp": 0.0016082799999999997, "t_ifft_return": 0.0043828487396240234}], "hostname": "n1256", "n0": 1024, "n1": 1024, "nb_proc": 16, "pid": 17418, "time_as_str": "2017-10-09_23-44-51"}
