{"benchmarks_classes": [{"name": "fft2dmpiwithfftw1d", "t_fft_as_arg": 0.003631591796875, "t_fft_cpp": 0.00380892, "t_fft_return": 0.0038796663284301758, "t_ifft_as_arg": 0.005027294158935547, "t_ifft_cpp": 0.00493328, "t_ifft_return": 0.005382418632507324}, {"name": "fft2dmpiwithfftwmpi2d", "t_fft_as_arg": 0.0027316808700561523, "t_fft_cpp": 0.00294422, "t_fft_return": 0.0026656389236450195, "t_ifft_as_arg": 0.0028952360153198242, "t_ifft_cpp": 0.00298002, "t_ifft_return": 0.006756901741027832}], "hostname": "n166", "n0": 1024, "n1": 1024, "nb_proc": 8, "pid": 27634, "time_as_str": "2017-10-10_03-15-42"}
