{"benchmarks_classes": [{"name": "fft2dmpiwithfftw1d", "t_fft_as_arg": 0.0013327598571777344, "t_fft_cpp": 0.0101896, "t_fft_return": 0.001349806785583496, "t_ifft_as_arg": 0.0013470649719238281, "t_ifft_cpp": 0.0013322999999999998, "t_ifft_return": 0.0019023418426513672}, {"name": "fft2dmpiwithfftwmpi2d", "t_fft_as_arg": 0.0016826391220092773, "t_fft_cpp": 0.00165912, "t_fft_return": 0.0017012357711791992, "t_ifft_as_arg": 0.0008914470672607422, "t_ifft_cpp": 0.0008917799999999999, "t_ifft_return": 0.0015385150909423828}], "hostname": "n156", "n0": 1024, "n1": 1024, "nb_proc": 64, "pid": 23833, "time_as_str": "2017-10-10_03-19-41"}
