{"benchmarks_classes": [{"name": "fft2dmpiwithfftw1d", "t_fft_as_arg": 0.013968944549560547, "t_fft_cpp": 0.013695439999999998, "t_fft_return": 0.014329671859741211, "t_ifft_as_arg": 0.015057802200317383, "t_ifft_cpp": 0.0184159, "t_ifft_return": 0.01756417751312256}, {"name": "fft2dmpiwithfftwmpi2d", "t_fft_as_arg": 0.00913691520690918, "t_fft_cpp": 0.008914720000000001, "t_fft_return": 0.009132146835327148, "t_ifft_as_arg": 0.010494828224182129, "t_ifft_cpp": 0.0102087, "t_ifft_return": 0.0095139741897583}], "hostname": "n168", "n0": 1024, "n1": 1024, "nb_proc": 2, "pid": 41274, "time_as_str": "2017-10-10_03-06-48"}
