{"benchmarks_classes": [{"name": "fft2dmpiwithfftw1d", "t_fft_as_arg": 0.0019506216049194336, "t_fft_cpp": 0.00171926, "t_fft_return": 0.001531362533569336, "t_ifft_as_arg": 0.001585841178894043, "t_ifft_cpp": 0.00121938, "t_ifft_return": 0.0012259483337402344}, {"name": "fft2dmpiwithfftwmpi2d", "t_fft_as_arg": 0.0012260675430297852, "t_fft_cpp": 0.0014086799999999998, "t_fft_return": 0.0012319087982177734, "t_ifft_as_arg": 0.0013810396194458008, "t_ifft_cpp": 0.0013747999999999998, "t_ifft_return": 0.0028307437896728516}], "hostname": "cl8n011", "n0": 960, "n1": 960, "nb_proc": 12, "pid": 140622, "time_as_str": "2017-10-05_22-10-46"}
