{"benchmarks_classes": [{"name": "fft2dmpiwithfftw1d", "t_fft_as_arg": 0.0063173770904541016, "t_fft_cpp": 0.00837654, "t_fft_return": 0.006286740303039551, "t_ifft_as_arg": 0.005947470664978027, "t_ifft_cpp": 0.005576879999999999, "t_ifft_return": 0.005466580390930176}, {"name": "fft2dmpiwithfftwmpi2d", "t_fft_as_arg": 0.005408287048339844, "t_fft_cpp": 0.00634516, "t_fft_return": 0.005419492721557617, "t_ifft_as_arg": 0.005664825439453125, "t_ifft_cpp": 0.00568342, "t_ifft_return": 0.005678772926330566}], "hostname": "cl8n011", "n0": 960, "n1": 960, "nb_proc": 2, "pid": 139980, "time_as_str": "2017-10-05_22-10-08"}
