{"benchmarks_classes": [{"name": "fft2dmpiwithfftw1d", "t_fft_as_arg": 0.0015175342559814453, "t_fft_cpp": 0.0013244600000000002, "t_fft_return": 0.0013952255249023438, "t_ifft_as_arg": 0.0014172792434692383, "t_ifft_cpp": 0.0009603000000000001, "t_ifft_return": 0.001208186149597168}, {"name": "fft2dmpiwithfftwmpi2d", "t_fft_as_arg": 0.0010334253311157227, "t_fft_cpp": 0.0011863800000000001, "t_fft_return": 0.001038670539855957, "t_ifft_as_arg": 0.0011190176010131836, "t_ifft_cpp": 0.00110558, "t_ifft_return": 0.0022379159927368164}], "hostname": "cl8n011", "n0": 960, "n1": 960, "nb_proc": 16, "pid": 139524, "time_as_str": "2017-10-05_22-09-44"}
