{"benchmarks_classes": [{"name": "fft2dmpiwithfftw1d", "t_fft_as_arg": 0.0012062788009643555, "t_fft_cpp": 0.00134742, "t_fft_return": 0.0012788772583007812, "t_ifft_as_arg": 0.0012880563735961914, "t_ifft_cpp": 0.00094582, "t_ifft_return": 0.003128528594970703}, {"name": "fft2dmpiwithfftwmpi2d", "t_fft_as_arg": 0.0010225772857666016, "t_fft_cpp": 0.00116532, "t_fft_return": 0.0009446144104003906, "t_ifft_as_arg": 0.001050710678100586, "t_ifft_cpp": 0.00110376, "t_ifft_return": 0.0022324323654174805}], "hostname": "cl8n011", "n0": 960, "n1": 960, "nb_proc": 16, "pid": 143486, "time_as_str": "2017-10-05_22-13-25"}
