{"benchmarks_classes": [{"name": "fft2dmpiwithfftw1d", "t_fft_as_arg": 0.006265997886657715, "t_fft_cpp": 0.00809178, "t_fft_return": 0.0075571537017822266, "t_ifft_as_arg": 0.012723207473754883, "t_ifft_cpp": 0.00547898, "t_ifft_return": 0.012325048446655273}, {"name": "fft2dmpiwithfftwmpi2d", "t_fft_as_arg": 0.005881786346435547, "t_fft_cpp": 0.0068029200000000005, "t_fft_return": 0.005887627601623535, "t_ifft_as_arg": 0.006529092788696289, "t_ifft_cpp": 0.0065107, "t_ifft_return": 0.006443023681640625}], "hostname": "cl8n011", "n0": 960, "n1": 960, "nb_proc": 2, "pid": 143937, "time_as_str": "2017-10-05_22-13-47"}
