{"benchmarks_classes": [{"name": "fft2dmpiwithfftw1d", "t_fft_as_arg": 0.002603888511657715, "t_fft_cpp": 0.0025321, "t_fft_return": 0.002215266227722168, "t_ifft_as_arg": 0.002047419548034668, "t_ifft_cpp": 0.0018707399999999999, "t_ifft_return": 0.0020531415939331055}, {"name": "fft2dmpiwithfftwmpi2d", "t_fft_as_arg": 0.0017859935760498047, "t_fft_cpp": 0.00204468, "t_fft_return": 0.0017955303192138672, "t_ifft_as_arg": 0.0018384456634521484, "t_ifft_cpp": 0.0018229799999999999, "t_ifft_return": 0.004381537437438965}], "hostname": "cl8n011", "n0": 960, "n1": 960, "nb_proc": 8, "pid": 144362, "time_as_str": "2017-10-05_22-14-15"}
