{"benchmarks_classes": [{"name": "fft2dmpiwithfftw1d", "t_fft_as_arg": 0.0021386146545410156, "t_fft_cpp": 0.0024750800000000006, "t_fft_return": 0.0021598339080810547, "t_ifft_as_arg": 0.0021611452102661133, "t_ifft_cpp": 0.00165022, "t_ifft_return": 0.004082202911376953}, {"name": "fft2dmpiwithfftwmpi2d", "t_fft_as_arg": 0.001744985580444336, "t_fft_cpp": 0.00200466, "t_fft_return": 0.0017479658126831055, "t_ifft_as_arg": 0.0017688274383544922, "t_ifft_cpp": 0.00176204, "t_ifft_return": 0.004294037818908691}], "hostname": "cl8n011", "n0": 960, "n1": 960, "nb_proc": 8, "pid": 141717, "time_as_str": "2017-10-05_22-11-45"}
