{"benchmarks_classes": [{"name": "fft2dmpiwithfftw1d", "t_fft_as_arg": 0.0025610923767089844, "t_fft_cpp": 0.00250952, "t_fft_return": 0.002190709114074707, "t_ifft_as_arg": 0.002393007278442383, "t_ifft_cpp": 0.0018836399999999998, "t_ifft_return": 0.0020868778228759766}, {"name": "fft2dmpiwithfftwmpi2d", "t_fft_as_arg": 0.001780867576599121, "t_fft_cpp": 0.0020446600000000002, "t_fft_return": 0.001781463623046875, "t_ifft_as_arg": 0.0017905235290527344, "t_ifft_cpp": 0.0017846799999999999, "t_ifft_return": 0.003899097442626953}], "hostname": "cl8n011", "n0": 960, "n1": 960, "nb_proc": 8, "pid": 143041, "time_as_str": "2017-10-05_22-13-01"}
