{"benchmarks_classes": [{"name": "fft2dmpiwithfftw1d", "t_fft_as_arg": 0.0009669065475463867, "t_fft_cpp": 0.0010804, "t_fft_return": 0.0009785890579223633, "t_ifft_as_arg": 0.0008418560028076172, "t_ifft_cpp": 0.0007706000000000001, "t_ifft_return": 0.0026345252990722656}, {"name": "fft2dmpiwithfftwmpi2d", "t_fft_as_arg": 0.000800013542175293, "t_fft_cpp": 0.00090892, "t_fft_return": 0.000807642936706543, "t_ifft_as_arg": 0.0008245706558227539, "t_ifft_cpp": 0.0008192000000000001, "t_ifft_return": 0.0017563104629516602}], "hostname": "cl8n011", "n0": 960, "n1": 960, "nb_proc": 20, "pid": 141068, "time_as_str": "2017-10-05_22-11-08"}
