{"benchmarks_classes": [{"name": "fft2dmpiwithfftw1d", "t_fft_as_arg": 0.001294851303100586, "t_fft_cpp": 0.0010103, "t_fft_return": 0.0010652542114257812, "t_ifft_as_arg": 0.0010771751403808594, "t_ifft_cpp": 0.00074412, "t_ifft_return": 0.0020977258682250977}, {"name": "fft2dmpiwithfftwmpi2d", "t_fft_as_arg": 0.0008085966110229492, "t_fft_cpp": 0.00091426, "t_fft_return": 0.0008175373077392578, "t_ifft_as_arg": 0.0008411407470703125, "t_ifft_cpp": 0.00082706, "t_ifft_return": 0.001803755760192871}], "hostname": "cl8n011", "n0": 960, "n1": 960, "nb_proc": 20, "pid": 139748, "time_as_str": "2017-10-05_22-09-56"}
