{"benchmarks_classes": [{"name": "fft2dmpiwithfftw1d", "t_fft_as_arg": 0.0021783113479614258, "t_fft_cpp": 0.0017079600000000001, "t_fft_return": 0.0014760494232177734, "t_ifft_as_arg": 0.0014057159423828125, "t_ifft_cpp": 0.00121634, "t_ifft_return": 0.0019382238388061523}, {"name": "fft2dmpiwithfftwmpi2d", "t_fft_as_arg": 0.0013031959533691406, "t_fft_cpp": 0.00149708, "t_fft_return": 0.0013068914413452148, "t_ifft_as_arg": 0.001465916633605957, "t_ifft_cpp": 0.00145952, "t_ifft_return": 0.0013796091079711914}], "hostname": "cl8n011", "n0": 960, "n1": 960, "nb_proc": 12, "pid": 141949, "time_as_str": "2017-10-05_22-12-00"}
