{"benchmarks_classes": [{"name": "fft2dmpiwithfftw1d", "t_fft_as_arg": 0.001451730728149414, "t_fft_cpp": 0.00117268, "t_fft_return": 0.001005411148071289, "t_ifft_as_arg": 0.0010399818420410156, "t_ifft_cpp": 0.0008767800000000001, "t_ifft_return": 0.0008666515350341797}, {"name": "fft2dmpiwithfftwmpi2d", "t_fft_as_arg": 0.0008310079574584961, "t_fft_cpp": 0.0009353, "t_fft_return": 0.0008376836776733398, "t_ifft_as_arg": 0.0008544921875, "t_ifft_cpp": 0.00084934, "t_ifft_return": 0.0017921924591064453}], "hostname": "cl8n011", "n0": 960, "n1": 960, "nb_proc": 20, "pid": 142391, "time_as_str": "2017-10-05_22-12-22"}
