{"benchmarks_classes": [{"name": "fft2dmpiwithfftw1d", "t_fft_as_arg": 0.0009722709655761719, "t_fft_cpp": 0.0010943799999999998, "t_fft_return": 0.0009218454360961914, "t_ifft_as_arg": 0.0008678436279296875, "t_ifft_cpp": 0.00079716, "t_ifft_return": 0.0008397102355957031}, {"name": "fft2dmpiwithfftwmpi2d", "t_fft_as_arg": 0.0008120536804199219, "t_fft_cpp": 0.00091402, "t_fft_return": 0.0008165836334228516, "t_ifft_as_arg": 0.0008310079574584961, "t_ifft_cpp": 0.00082478, "t_ifft_return": 0.0017991065979003906}], "hostname": "cl8n011", "n0": 960, "n1": 960, "nb_proc": 20, "pid": 143709, "time_as_str": "2017-10-05_22-13-36"}
