{"benchmarks_classes": [{"name": "fft2dmpiwithfftw1d", "t_fft_as_arg": 0.002151966094970703, "t_fft_cpp": 0.00172614, "t_fft_return": 0.0014792680740356445, "t_ifft_as_arg": 0.001347661018371582, "t_ifft_cpp": 0.0012603800000000002, "t_ifft_return": 0.001257181167602539}, {"name": "fft2dmpiwithfftwmpi2d", "t_fft_as_arg": 0.0012898445129394531, "t_fft_cpp": 0.0014822799999999999, "t_fft_return": 0.0012900829315185547, "t_ifft_as_arg": 0.0014342069625854492, "t_ifft_cpp": 0.0014186799999999999, "t_ifft_return": 0.0013519525527954102}], "hostname": "cl8n011", "n0": 960, "n1": 960, "nb_proc": 12, "pid": 143267, "time_as_str": "2017-10-05_22-13-14"}
