{"benchmarks_classes": [{"name": "fft2dmpiwithfftw1d", "t_fft_as_arg": 0.001922011375427246, "t_fft_cpp": 0.00165384, "t_fft_return": 0.0014693737030029297, "t_ifft_as_arg": 0.0016701221466064453, "t_ifft_cpp": 0.00116142, "t_ifft_return": 0.0011811256408691406}, {"name": "fft2dmpiwithfftwmpi2d", "t_fft_as_arg": 0.0011872053146362305, "t_fft_cpp": 0.0013684399999999998, "t_fft_return": 0.0011955499649047852, "t_ifft_as_arg": 0.001340031623840332, "t_ifft_cpp": 0.00133752, "t_ifft_return": 0.00272369384765625}], "hostname": "cl8n011", "n0": 960, "n1": 960, "nb_proc": 12, "pid": 144578, "time_as_str": "2017-10-05_22-14-26"}
