{"benchmarks_classes": [{"name": "fft2dmpiwithfftw1d", "t_fft_as_arg": 0.003400564193725586, "t_fft_cpp": 0.0039545199999999996, "t_fft_return": 0.0038852691650390625, "t_ifft_as_arg": 0.004502654075622559, "t_ifft_cpp": 0.0027605800000000003, "t_ifft_return": 0.003243088722229004}, {"name": "fft2dmpiwithfftwmpi2d", "t_fft_as_arg": 0.003129720687866211, "t_fft_cpp": 0.0036420999999999997, "t_fft_return": 0.003138422966003418, "t_ifft_as_arg": 0.0032896995544433594, "t_ifft_cpp": 0.00327328, "t_ifft_return": 0.008094429969787598}], "hostname": "cl8n011", "n0": 960, "n1": 960, "nb_proc": 4, "pid": 140189, "time_as_str": "2017-10-05_22-10-21"}
