{"benchmarks_classes": [{"name": "fft2dmpiwithfftw1d", "t_fft_as_arg": 0.002809762954711914, "t_fft_cpp": 0.00306824, "t_fft_return": 0.002777576446533203, "t_ifft_as_arg": 0.0028194189071655273, "t_ifft_cpp": 0.00273076, "t_ifft_return": 0.003332376480102539}, {"name": "fft2dmpiwithfftwmpi2d", "t_fft_as_arg": 0.0034258365631103516, "t_fft_cpp": 0.0034035, "t_fft_return": 0.0034439563751220703, "t_ifft_as_arg": 0.0025954246520996094, "t_ifft_cpp": 0.00245606, "t_ifft_return": 0.0034159421920776367}], "hostname": "cl8n010", "n0": 960, "n1": 960, "nb_proc": 40, "pid": 124453, "time_as_str": "2017-10-05_22-22-12"}
