{"benchmarks_classes": [{"name": "fft2dmpiwithfftw1d", "t_fft_as_arg": 0.004984378814697266, "t_fft_cpp": 0.00443998, "t_fft_return": 0.004224181175231934, "t_ifft_as_arg": 0.005095481872558594, "t_ifft_cpp": 0.0029690800000000002, "t_ifft_return": 0.004724621772766113}, {"name": "fft2dmpiwithfftwmpi2d", "t_fft_as_arg": 0.003386378288269043, "t_fft_cpp": 0.0039212000000000006, "t_fft_return": 0.0033559799194335938, "t_ifft_as_arg": 0.0035600662231445312, "t_ifft_cpp": 0.00355858, "t_ifft_return": 0.00615692138671875}], "hostname": "cl8n011", "n0": 960, "n1": 960, "nb_proc": 4, "pid": 144151, "time_as_str": "2017-10-05_22-14-02"}
