{"benchmarks_classes": [{"name": "fft2dmpiwithfftw1d", "t_fft_as_arg": 0.006380319595336914, "t_fft_cpp": 0.00842014, "t_fft_return": 0.007525801658630371, "t_ifft_as_arg": 0.012382984161376953, "t_ifft_cpp": 0.005698180000000001, "t_ifft_return": 0.012274384498596191}, {"name": "fft2dmpiwithfftwmpi2d", "t_fft_as_arg": 0.0059735774993896484, "t_fft_cpp": 0.0068907199999999995, "t_fft_return": 0.006003022193908691, "t_ifft_as_arg": 0.00644075870513916, "t_ifft_cpp": 0.0064195599999999995, "t_ifft_return": 0.00636446475982666}], "hostname": "cl8n011", "n0": 960, "n1": 960, "nb_proc": 2, "pid": 141297, "time_as_str": "2017-10-05_22-11-18"}
