{"benchmarks_classes": [{"name": "fft2dmpiwithfftw1d", "t_fft_as_arg": 0.0012149810791015625, "t_fft_cpp": 0.0013646000000000003, "t_fft_return": 0.001229405403137207, "t_ifft_as_arg": 0.0011112689971923828, "t_ifft_cpp": 0.0010378, "t_ifft_return": 0.0012047290802001953}, {"name": "fft2dmpiwithfftwmpi2d", "t_fft_as_arg": 0.0010669231414794922, "t_fft_cpp": 0.00121006, "t_fft_return": 0.0009949207305908203, "t_ifft_as_arg": 0.0011832714080810547, "t_ifft_cpp": 0.00117198, "t_ifft_return": 0.0012464523315429688}], "hostname": "cl8n011", "n0": 960, "n1": 960, "nb_proc": 16, "pid": 144803, "time_as_str": "2017-10-05_22-14-38"}
