{"benchmarks_classes": [{"name": "fft2dmpiwithfftw1d", "t_fft_as_arg": 0.003049015998840332, "t_fft_cpp": 0.00293022, "t_fft_return": 0.0027866363525390625, "t_ifft_as_arg": 0.002778172492980957, "t_ifft_cpp": 0.00279492, "t_ifft_return": 0.004001975059509277}, {"name": "fft2dmpiwithfftwmpi2d", "t_fft_as_arg": 0.003394007682800293, "t_fft_cpp": 0.003463, "t_fft_return": 0.003420710563659668, "t_ifft_as_arg": 0.0021816492080688477, "t_ifft_cpp": 0.0021737199999999988, "t_ifft_return": 0.0029740333557128906}], "hostname": "cl8n010", "n0": 960, "n1": 960, "nb_proc": 40, "pid": 124940, "time_as_str": "2017-10-05_22-22-39"}
