{"benchmarks_classes": [{"name": "fft2dmpiwithfftw1d", "t_fft_as_arg": 0.002026796340942383, "t_fft_cpp": 0.001729, "t_fft_return": 0.0016132593154907227, "t_ifft_as_arg": 0.001763463020324707, "t_ifft_cpp": 0.00130584, "t_ifft_return": 0.0020192861557006836}, {"name": "fft2dmpiwithfftwmpi2d", "t_fft_as_arg": 0.0013594627380371094, "t_fft_cpp": 0.00155076, "t_fft_return": 0.0012679100036621094, "t_ifft_as_arg": 0.0015087127685546875, "t_ifft_cpp": 0.00149558, "t_ifft_return": 0.002835869789123535}], "hostname": "cl8n011", "n0": 960, "n1": 960, "nb_proc": 12, "pid": 139305, "time_as_str": "2017-10-05_22-09-32"}
