{"benchmarks_classes": [{"name": "fft2dmpiwithfftw1d", "t_fft_as_arg": 0.001456618309020996, "t_fft_cpp": 0.00131214, "t_fft_return": 0.0014455318450927734, "t_ifft_as_arg": 0.0013840198516845703, "t_ifft_cpp": 0.00095358, "t_ifft_return": 0.0010432004928588867}, {"name": "fft2dmpiwithfftwmpi2d", "t_fft_as_arg": 0.0009828805923461914, "t_fft_cpp": 0.0011206399999999994, "t_fft_return": 0.000986933708190918, "t_ifft_as_arg": 0.0010950565338134766, "t_ifft_cpp": 0.00108198, "t_ifft_return": 0.002277851104736328}], "hostname": "cl8n011", "n0": 960, "n1": 960, "nb_proc": 16, "pid": 140841, "time_as_str": "2017-10-05_22-10-57"}
