{"benchmarks_classes": [{"name": "fft2dmpiwithfftw1d", "t_fft_as_arg": 0.0030035972595214844, "t_fft_cpp": 0.003180160000000001, "t_fft_return": 0.0027756690979003906, "t_ifft_as_arg": 0.00274813175201416, "t_ifft_cpp": 0.00273082, "t_ifft_return": 0.003728628158569336}, {"name": "fft2dmpiwithfftwmpi2d", "t_fft_as_arg": 0.0035883188247680664, "t_fft_cpp": 0.0035327799999999997, "t_fft_return": 0.0035092830657958984, "t_ifft_as_arg": 0.002171754837036133, "t_ifft_cpp": 0.0023158000000000002, "t_ifft_return": 0.0023834705352783203}], "hostname": "cl8n010", "n0": 960, "n1": 960, "nb_proc": 40, "pid": 125189, "time_as_str": "2017-10-05_22-22-54"}
