{"benchmarks_classes": [{"name": "fft2dmpiwithfftw1d", "t_fft_as_arg": 0.0037822723388671875, "t_fft_cpp": 0.00437686, "t_fft_return": 0.0033080577850341797, "t_ifft_as_arg": 0.002709507942199707, "t_ifft_cpp": 0.0030046400000000003, "t_ifft_return": 0.0026892423629760742}, {"name": "fft2dmpiwithfftwmpi2d", "t_fft_as_arg": 0.0031213760375976562, "t_fft_cpp": 0.003637, "t_fft_return": 0.0031311511993408203, "t_ifft_as_arg": 0.0032796859741210938, "t_ifft_cpp": 0.00328038, "t_ifft_return": 0.003290534019470215}], "hostname": "cl8n011", "n0": 960, "n1": 960, "nb_proc": 4, "pid": 138872, "time_as_str": "2017-10-05_22-09-07"}
