{"benchmarks_classes": [{"name": "fft2dmpiwithfftw1d", "t_fft_as_arg": 0.007173061370849609, "t_fft_cpp": 0.007799419999999999, "t_fft_return": 0.008040070533752441, "t_ifft_as_arg": 0.012695908546447754, "t_ifft_cpp": 0.00558352, "t_ifft_return": 0.012380599975585938}, {"name": "fft2dmpiwithfftwmpi2d", "t_fft_as_arg": 0.005994915962219238, "t_fft_cpp": 0.00691222, "t_fft_return": 0.005979061126708984, "t_ifft_as_arg": 0.006709933280944824, "t_ifft_cpp": 0.00667898, "t_ifft_return": 0.01413881778717041}], "hostname": "cl8n011", "n0": 960, "n1": 960, "nb_proc": 2, "pid": 142619, "time_as_str": "2017-10-05_22-12-33"}
