{"benchmarks_classes": [{"name": "fft2dmpiwithfftw1d", "t_fft_as_arg": 0.003081202507019043, "t_fft_cpp": 0.00309164, "t_fft_return": 0.0027916431427001953, "t_ifft_as_arg": 0.00279843807220459, "t_ifft_cpp": 0.0027157199999999996, "t_ifft_return": 0.0038225650787353516}, {"name": "fft2dmpiwithfftwmpi2d", "t_fft_as_arg": 0.003395557403564453, "t_fft_cpp": 0.00343978, "t_fft_return": 0.0034220218658447266, "t_ifft_as_arg": 0.0022504329681396484, "t_ifft_cpp": 0.00224822, "t_ifft_return": 0.0028797388076782227}], "hostname": "cl8n010", "n0": 960, "n1": 960, "nb_proc": 40, "pid": 124695, "time_as_str": "2017-10-05_22-22-26"}
