{"benchmarks_classes": [{"name": "fft2dmpiwithfftw1d", "t_fft_as_arg": 0.006428956985473633, "t_fft_cpp": 0.00851246, "t_fft_return": 0.0064547061920166016, "t_ifft_as_arg": 0.005532503128051758, "t_ifft_cpp": 0.00588572, "t_ifft_return": 0.005547165870666504}, {"name": "fft2dmpiwithfftwmpi2d", "t_fft_as_arg": 0.005450606346130371, "t_fft_cpp": 0.00637798, "t_fft_return": 0.0054607391357421875, "t_ifft_as_arg": 0.005858063697814941, "t_ifft_cpp": 0.00582082, "t_ifft_return": 0.005857706069946289}], "hostname": "cl8n011", "n0": 960, "n1": 960, "nb_proc": 2, "pid": 138658, "time_as_str": "2017-10-05_22-08-52"}
