{"benchmarks_classes": [{"name": "fft2dmpiwithfftw1d", "t_fft_as_arg": 0.0037206411361694336, "t_fft_cpp": 0.00469208, "t_fft_return": 0.004000067710876465, "t_ifft_as_arg": 0.004758000373840332, "t_ifft_cpp": 0.0033950000000000004, "t_ifft_return": 0.00458216667175293}, {"name": "fft2dmpiwithfftwmpi2d", "t_fft_as_arg": 0.0033222436904907227, "t_fft_cpp": 0.0038685399999999997, "t_fft_return": 0.0033457279205322266, "t_ifft_as_arg": 0.0035316944122314453, "t_ifft_cpp": 0.0035560199999999996, "t_ifft_return": 0.0061806440353393555}], "hostname": "cl8n011", "n0": 960, "n1": 960, "nb_proc": 4, "pid": 142830, "time_as_str": "2017-10-05_22-12-49"}
