{"benchmarks_classes": [{"name": "fft2dmpiwithfftw1d", "t_fft_as_arg": 0.002850770950317383, "t_fft_cpp": 0.0025002400000000004, "t_fft_return": 0.0029059648513793945, "t_ifft_as_arg": 0.003020763397216797, "t_ifft_cpp": 0.00167968, "t_ifft_return": 0.0018084049224853516}, {"name": "fft2dmpiwithfftwmpi2d", "t_fft_as_arg": 0.0019135475158691406, "t_fft_cpp": 0.00222012, "t_fft_return": 0.0017642974853515625, "t_ifft_as_arg": 0.001780867576599121, "t_ifft_cpp": 0.00194316, "t_ifft_return": 0.003873586654663086}], "hostname": "cl8n011", "n0": 960, "n1": 960, "nb_proc": 8, "pid": 139083, "time_as_str": "2017-10-05_22-09-20"}
