{"benchmarks_classes": [{"name": "fft2dmpiwithfftw1d", "t_fft_as_arg": 0.0011820793151855469, "t_fft_cpp": 0.00132406, "t_fft_return": 0.0012927055358886719, "t_ifft_as_arg": 0.0013091564178466797, "t_ifft_cpp": 0.00093942, "t_ifft_return": 0.0009889602661132812}, {"name": "fft2dmpiwithfftwmpi2d", "t_fft_as_arg": 0.0009883642196655273, "t_fft_cpp": 0.00117858, "t_fft_return": 0.0009971857070922852, "t_ifft_as_arg": 0.0010833740234375, "t_ifft_cpp": 0.00107712, "t_ifft_return": 0.00225067138671875}], "hostname": "cl8n011", "n0": 960, "n1": 960, "nb_proc": 16, "pid": 142168, "time_as_str": "2017-10-05_22-12-11"}
