{"benchmarks_classes": [{"name": "fft2dmpiwithfftw1d", "t_fft_as_arg": 0.002801656723022461, "t_fft_cpp": 0.0027976, "t_fft_return": 0.002740025520324707, "t_ifft_as_arg": 0.0027533769607543945, "t_ifft_cpp": 0.0027049400000000003, "t_ifft_return": 0.0036859512329101562}, {"name": "fft2dmpiwithfftwmpi2d", "t_fft_as_arg": 0.003405928611755371, "t_fft_cpp": 0.0034426, "t_fft_return": 0.003458261489868164, "t_ifft_as_arg": 0.002592921257019043, "t_ifft_cpp": 0.0026130199999999998, "t_ifft_return": 0.0031023025512695312}], "hostname": "cl8n010", "n0": 960, "n1": 960, "nb_proc": 40, "pid": 125452, "time_as_str": "2017-10-05_22-23-07"}
