{"benchmarks_classes": [{"name": "fft2dmpiwithfftw1d", "t_fft_as_arg": 0.0029066801071166992, "t_fft_cpp": 0.00268582, "t_fft_return": 0.002138853073120117, "t_ifft_as_arg": 0.002152562141418457, "t_ifft_cpp": 0.0018778, "t_ifft_return": 0.0017391443252563477}, {"name": "fft2dmpiwithfftwmpi2d", "t_fft_as_arg": 0.0017619132995605469, "t_fft_cpp": 0.00221042, "t_fft_return": 0.0017714500427246094, "t_ifft_as_arg": 0.0017786026000976562, "t_ifft_cpp": 0.00185088, "t_ifft_return": 0.0017843246459960938}], "hostname": "cl8n011", "n0": 960, "n1": 960, "nb_proc": 8, "pid": 140400, "time_as_str": "2017-10-05_22-10-34"}
