{"benchmarks_classes": [{"name": "fft2dmpiwithfftw1d", "t_fft_as_arg": 0.004279971122741699, "t_fft_cpp": 0.00450606, "t_fft_return": 0.003914952278137207, "t_ifft_as_arg": 0.004646182060241699, "t_ifft_cpp": 0.00309904, "t_ifft_return": 0.0045212507247924805}, {"name": "fft2dmpiwithfftwmpi2d", "t_fft_as_arg": 0.0033529996871948242, "t_fft_cpp": 0.00390714, "t_fft_return": 0.003365635871887207, "t_ifft_as_arg": 0.0035170316696166992, "t_ifft_cpp": 0.00351598, "t_ifft_return": 0.003508448600769043}], "hostname": "cl8n011", "n0": 960, "n1": 960, "nb_proc": 4, "pid": 141506, "time_as_str": "2017-10-05_22-11-33"}
