{"benchmarks_classes": [{"name": "fft2dmpiwithfftw1d", "t_fft_as_arg": 0.0009931325912475586, "t_fft_cpp": 0.00111246, "t_fft_return": 0.0010035037994384766, "t_ifft_as_arg": 0.0008711814880371094, "t_ifft_cpp": 0.0007979799999999999, "t_ifft_return": 0.0022748708724975586}, {"name": "fft2dmpiwithfftwmpi2d", "t_fft_as_arg": 0.0008004903793334961, "t_fft_cpp": 0.00207678, "t_fft_return": 0.0008069276809692383, "t_ifft_as_arg": 0.0008234977722167969, "t_ifft_cpp": 0.00081582, "t_ifft_return": 0.0017687082290649414}], "hostname": "cl8n011", "n0": 960, "n1": 960, "nb_proc": 20, "pid": 145026, "time_as_str": "2017-10-05_22-14-49"}
