{"benchmarks_classes": [{"name": "fft2dmpiwithfftw1d", "t_fft_as_arg": 0.006808161735534668, "t_fft_cpp": 0.00641784, "t_fft_return": 0.006895184516906738, "t_ifft_as_arg": 0.007428407669067383, "t_ifft_cpp": 0.00743382, "t_ifft_return": 0.006028652191162109}, {"name": "fft2dmpiwithfftwmpi2d", "t_fft_as_arg": 0.005843520164489746, "t_fft_cpp": 0.0058112, "t_fft_return": 0.0058449506759643555, "t_ifft_as_arg": 0.006473898887634277, "t_ifft_cpp": 0.006484060000000001, "t_ifft_return": 0.0062007904052734375}], "hostname": "cl7n005", "n0": 1024, "n1": 1024, "nb_proc": 2, "pid": 2120, "time_as_str": "2017-10-05_14-38-02"}
