{"benchmarks_classes": [{"name": "fft2dmpiwithfftw1d", "t_fft_as_arg": 0.0014495849609375, "t_fft_cpp": 0.0014338799999999998, "t_fft_return": 0.0014679431915283203, "t_ifft_as_arg": 0.001573801040649414, "t_ifft_cpp": 0.0015208399999999999, "t_ifft_return": 0.002614259719848633}, {"name": "fft2dmpiwithfftwmpi2d", "t_fft_as_arg": 0.0012034177780151367, "t_fft_cpp": 0.0011763999999999998, "t_fft_return": 0.0012295246124267578, "t_ifft_as_arg": 0.0014946460723876953, "t_ifft_cpp": 0.00146728, "t_ifft_return": 0.0023175477981567383}], "hostname": "cl7n015", "n0": 1024, "n1": 1024, "nb_proc": 16, "pid": 2274, "time_as_str": "2017-10-05_14-39-13"}
