{"benchmarks_classes": [{"name": "fft2dmpiwithfftw1d", "t_fft_as_arg": 0.0025925636291503906, "t_fft_cpp": 0.00236996, "t_fft_return": 0.002415776252746582, "t_ifft_as_arg": 0.0026531219482421875, "t_ifft_cpp": 0.0024393200000000005, "t_ifft_return": 0.002947688102722168}, {"name": "fft2dmpiwithfftwmpi2d", "t_fft_as_arg": 0.0018858909606933594, "t_fft_cpp": 0.0018731000000000008, "t_fft_return": 0.001894235610961914, "t_ifft_as_arg": 0.0019953250885009766, "t_ifft_cpp": 0.0019754, "t_ifft_return": 0.0020025968551635742}], "hostname": "cl7n008", "n0": 1024, "n1": 1024, "nb_proc": 8, "pid": 93264, "time_as_str": "2017-10-05_14-39-46"}
