{"benchmarks_classes": [{"name": "fft2dmpiwithfftw1d", "t_fft_as_arg": 0.001445770263671875, "t_fft_cpp": 0.00143268, "t_fft_return": 0.0014647245407104492, "t_ifft_as_arg": 0.0016682147979736328, "t_ifft_cpp": 0.00159936, "t_ifft_return": 0.0025777816772460938}, {"name": "fft2dmpiwithfftwmpi2d", "t_fft_as_arg": 0.001208186149597168, "t_fft_cpp": 0.0011764, "t_fft_return": 0.0012336969375610352, "t_ifft_as_arg": 0.0015484094619750977, "t_ifft_cpp": 0.00151376, "t_ifft_return": 0.0024018287658691406}], "hostname": "cl7n005", "n0": 1024, "n1": 1024, "nb_proc": 16, "pid": 3585, "time_as_str": "2017-10-05_14-39-49"}
