{"benchmarks_classes": [{"name": "fft2dmpiwithfftw1d", "t_fft_as_arg": 0.008121609687805176, "t_fft_cpp": 0.0076951, "t_fft_return": 0.008158683776855469, "t_ifft_as_arg": 0.011321663856506348, "t_ifft_cpp": 0.01130854, "t_ifft_return": 0.010688185691833496}, {"name": "fft2dmpiwithfftwmpi2d", "t_fft_as_arg": 0.006906867027282715, "t_fft_cpp": 0.00665322, "t_fft_return": 0.006943345069885254, "t_ifft_as_arg": 0.007699728012084961, "t_ifft_cpp": 0.0077139800000000005, "t_ifft_return": 0.007016539573669434}], "hostname": "cl7n006", "n0": 1024, "n1": 1024, "nb_proc": 2, "pid": 103160, "time_as_str": "2017-10-05_14-48-49"}
