{"benchmarks_classes": [{"name": "fft2dmpiwithfftw1d", "t_fft_as_arg": 0.0017675161361694336, "t_fft_cpp": 0.0017449, "t_fft_return": 0.0017865896224975586, "t_ifft_as_arg": 0.0018737316131591797, "t_ifft_cpp": 0.001827, "t_ifft_return": 0.001896500587463379}, {"name": "fft2dmpiwithfftwmpi2d", "t_fft_as_arg": 0.0017242431640625, "t_fft_cpp": 0.0016522999999999998, "t_fft_return": 0.0016661882400512695, "t_ifft_as_arg": 0.0015139579772949219, "t_ifft_cpp": 0.0015686, "t_ifft_return": 0.0015227794647216797}], "hostname": "cl7n015", "n0": 1024, "n1": 1024, "nb_proc": 12, "pid": 6796, "time_as_str": "2017-10-05_14-49-08"}
