{"benchmarks_classes": [{"name": "fft2dmpiwithfftw1d", "t_fft_as_arg": 0.0017904043197631836, "t_fft_cpp": 0.0017595, "t_fft_return": 0.0018270015716552734, "t_ifft_as_arg": 0.00197446346282959, "t_ifft_cpp": 0.00190674, "t_ifft_return": 0.001935124397277832}, {"name": "fft2dmpiwithfftwmpi2d", "t_fft_as_arg": 0.0016636848449707031, "t_fft_cpp": 0.00165206, "t_fft_return": 0.0016666650772094727, "t_ifft_as_arg": 0.0015294551849365234, "t_ifft_cpp": 0.001507099999999999, "t_ifft_return": 0.001538991928100586}], "hostname": "cl7n005", "n0": 1024, "n1": 1024, "nb_proc": 12, "pid": 6416, "time_as_str": "2017-10-05_14-44-31"}
