{"benchmarks_classes": [{"name": "fft2dmpiwithfftw1d", "t_fft_as_arg": 0.008216142654418945, "t_fft_cpp": 0.0077522400000000005, "t_fft_return": 0.008223295211791992, "t_ifft_as_arg": 0.011435985565185547, "t_ifft_cpp": 0.011408800000000002, "t_ifft_return": 0.010869026184082031}, {"name": "fft2dmpiwithfftwmpi2d", "t_fft_as_arg": 0.006960391998291016, "t_fft_cpp": 0.0066611, "t_fft_return": 0.006954550743103027, "t_ifft_as_arg": 0.00788569450378418, "t_ifft_cpp": 0.00786892, "t_ifft_return": 0.007102608680725098}], "hostname": "cl7n005", "n0": 1024, "n1": 1024, "nb_proc": 2, "pid": 2757, "time_as_str": "2017-10-05_14-38-52"}
