{"benchmarks_classes": [{"name": "fft2dmpiwithfftw1d", "t_fft_as_arg": 0.0015319585800170898, "t_fft_cpp": 0.00149742, "t_fft_return": 0.0015730857849121094, "t_ifft_as_arg": 0.0018618106842041016, "t_ifft_cpp": 0.00169864, "t_ifft_return": 0.001961350440979004}, {"name": "fft2dmpiwithfftwmpi2d", "t_fft_as_arg": 0.0012534856796264648, "t_fft_cpp": 0.00122882, "t_fft_return": 0.001257181167602539, "t_ifft_as_arg": 0.001527547836303711, "t_ifft_cpp": 0.00149756, "t_ifft_return": 0.00240933895111084}], "hostname": "cl7n015", "n0": 1024, "n1": 1024, "nb_proc": 16, "pid": 3443, "time_as_str": "2017-10-05_14-40-15"}
