{"benchmarks_classes": [{"name": "fft2dmpiwithfftw1d", "t_fft_as_arg": 0.0017595291137695312, "t_fft_cpp": 0.0017338400000000002, "t_fft_return": 0.0018007755279541016, "t_ifft_as_arg": 0.00236666202545166, "t_ifft_cpp": 0.00184002, "t_ifft_return": 0.0018752813339233398}, {"name": "fft2dmpiwithfftwmpi2d", "t_fft_as_arg": 0.0016143321990966797, "t_fft_cpp": 0.0016045400000000002, "t_fft_return": 0.0016252994537353516, "t_ifft_as_arg": 0.0014775991439819336, "t_ifft_cpp": 0.00145786, "t_ifft_return": 0.0014930963516235352}], "hostname": "cl7n005", "n0": 1024, "n1": 1024, "nb_proc": 12, "pid": 2317, "time_as_str": "2017-10-05_14-38-16"}
