{"benchmarks_classes": [{"name": "fft2dmpiwithfftw1d", "t_fft_as_arg": 0.0017762184143066406, "t_fft_cpp": 0.00175346, "t_fft_return": 0.0018252134323120117, "t_ifft_as_arg": 0.002214789390563965, "t_ifft_cpp": 0.00185492, "t_ifft_return": 0.0019125938415527344}, {"name": "fft2dmpiwithfftwmpi2d", "t_fft_as_arg": 0.0016692876815795898, "t_fft_cpp": 0.0016524600000000001, "t_fft_return": 0.0016928911209106445, "t_ifft_as_arg": 0.0015223026275634766, "t_ifft_cpp": 0.00150004, "t_ifft_return": 0.0015331506729125977}], "hostname": "cl7n015", "n0": 1024, "n1": 1024, "nb_proc": 12, "pid": 2865, "time_as_str": "2017-10-05_14-39-46"}
