{"benchmarks_classes": [{"name": "fft2dmpiwithfftw1d", "t_fft_as_arg": 0.0014965534210205078, "t_fft_cpp": 0.0014941399999999993, "t_fft_return": 0.001500844955444336, "t_ifft_as_arg": 0.0016609430313110352, "t_ifft_cpp": 0.00158048, "t_ifft_return": 0.0026187896728515625}, {"name": "fft2dmpiwithfftwmpi2d", "t_fft_as_arg": 0.001255035400390625, "t_fft_cpp": 0.0012322, "t_fft_return": 0.0012694597244262695, "t_ifft_as_arg": 0.0015285015106201172, "t_ifft_cpp": 0.00149618, "t_ifft_return": 0.002360224723815918}], "hostname": "cl7n005", "n0": 1024, "n1": 1024, "nb_proc": 16, "pid": 6623, "time_as_str": "2017-10-05_14-44-40"}
