{"benchmarks_classes": [{"name": "fft2dmpiwithfftw1d", "t_fft_as_arg": 0.002638697624206543, "t_fft_cpp": 0.0023824600000000003, "t_fft_return": 0.0024181604385375977, "t_ifft_as_arg": 0.0034379959106445312, "t_ifft_cpp": 0.00242496, "t_ifft_return": 0.0031090974807739258}, {"name": "fft2dmpiwithfftwmpi2d", "t_fft_as_arg": 0.0018764734268188477, "t_fft_cpp": 0.0018602199999999999, "t_fft_return": 0.0018919706344604492, "t_ifft_as_arg": 0.0019980669021606445, "t_ifft_cpp": 0.0019803200000000003, "t_ifft_return": 0.0020133256912231445}], "hostname": "cl7n005", "n0": 1024, "n1": 1024, "nb_proc": 8, "pid": 6213, "time_as_str": "2017-10-05_14-44-21"}
