{"benchmarks_classes": [{"name": "fft2dmpiwithfftw1d", "t_fft_as_arg": 0.003670811653137207, "t_fft_cpp": 0.00365506, "t_fft_return": 0.0037081241607666016, "t_ifft_as_arg": 0.0038775205612182617, "t_ifft_cpp": 0.00381492, "t_ifft_return": 0.0038579702377319336}, {"name": "fft2dmpiwithfftwmpi2d", "t_fft_as_arg": 0.003255486488342285, "t_fft_cpp": 0.0032593000000000006, "t_fft_return": 0.0032700300216674805, "t_ifft_as_arg": 0.003499150276184082, "t_ifft_cpp": 0.00349256, "t_ifft_return": 0.0035172700881958008}], "hostname": "cl7n015", "n0": 1024, "n1": 1024, "nb_proc": 4, "pid": 5977, "time_as_str": "2017-10-05_14-48-26"}
