{"benchmarks_classes": [{"name": "fft2dmpiwithfftw1d", "t_fft_as_arg": 0.00441896915435791, "t_fft_cpp": 0.00452328, "t_fft_return": 0.0039403438568115234, "t_ifft_as_arg": 0.004793286323547363, "t_ifft_cpp": 0.00540224, "t_ifft_return": 0.0054405927658081055}, {"name": "fft2dmpiwithfftwmpi2d", "t_fft_as_arg": 0.0032701492309570312, "t_fft_cpp": 0.0032617400000000004, "t_fft_return": 0.003274202346801758, "t_ifft_as_arg": 0.003574848175048828, "t_ifft_cpp": 0.00357664, "t_ifft_return": 0.0035818815231323242}], "hostname": "cl7n015", "n0": 1024, "n1": 1024, "nb_proc": 4, "pid": 2655, "time_as_str": "2017-10-05_14-39-34"}
