{"benchmarks_classes": [{"name": "fft2dmpiwithfftw1d", "t_fft_as_arg": 0.001524209976196289, "t_fft_cpp": 0.00148708, "t_fft_return": 0.0015270709991455078, "t_ifft_as_arg": 0.0016373395919799805, "t_ifft_cpp": 0.00158858, "t_ifft_return": 0.0016542673110961914}, {"name": "fft2dmpiwithfftwmpi2d", "t_fft_as_arg": 0.0012835264205932617, "t_fft_cpp": 0.00122182, "t_fft_return": 0.0012829303741455078, "t_ifft_as_arg": 0.001621842384338379, "t_ifft_cpp": 0.0017768800000000002, "t_ifft_return": 0.0024089813232421875}], "hostname": "cl7n015", "n0": 1024, "n1": 1024, "nb_proc": 16, "pid": 5567, "time_as_str": "2017-10-05_14-48-04"}
