{"benchmarks_classes": [{"name": "fft2dmpiwithfftw1d", "t_fft_as_arg": 0.00250244140625, "t_fft_cpp": 0.00252084, "t_fft_return": 0.002514958381652832, "t_ifft_as_arg": 0.002478480339050293, "t_ifft_cpp": 0.0024667400000000003, "t_ifft_return": 0.0033196210861206055}, {"name": "fft2dmpiwithfftwmpi2d", "t_fft_as_arg": 0.0032629966735839844, "t_fft_cpp": 0.0031939200000000003, "t_fft_return": 0.0032461881637573242, "t_ifft_as_arg": 0.0025557279586791992, "t_ifft_cpp": 0.00255796, "t_ifft_return": 0.0027457475662231445}], "hostname": "cl7n005", "n0": 1024, "n1": 1024, "nb_proc": 32, "pid": 3177, "time_as_str": "2017-10-05_14-39-24"}
