{"benchmarks_classes": [{"name": "fft2dmpiwithfftw1d", "t_fft_as_arg": 0.0018819570541381836, "t_fft_cpp": 0.00172788, "t_fft_return": 0.0019216537475585938, "t_ifft_as_arg": 0.0023070573806762695, "t_ifft_cpp": 0.00186386, "t_ifft_return": 0.0023245811462402344}, {"name": "fft2dmpiwithfftwmpi2d", "t_fft_as_arg": 0.0016936063766479492, "t_fft_cpp": 0.00166974, "t_fft_return": 0.001711130142211914, "t_ifft_as_arg": 0.001542806625366211, "t_ifft_cpp": 0.00151554, "t_ifft_return": 0.0015648603439331055}], "hostname": "cl7n005", "n0": 1024, "n1": 1024, "nb_proc": 12, "pid": 2955, "time_as_str": "2017-10-05_14-39-07"}
