{"benchmarks_classes": [{"name": "fft2dmpiwithfftw1d", "t_fft_as_arg": 0.0072062015533447266, "t_fft_cpp": 0.006999120000000001, "t_fft_return": 0.0070503950119018555, "t_ifft_as_arg": 0.008804678916931152, "t_ifft_cpp": 0.00901926, "t_ifft_return": 0.00630950927734375}, {"name": "fft2dmpiwithfftwmpi2d", "t_fft_as_arg": 0.005899548530578613, "t_fft_cpp": 0.00584784, "t_fft_return": 0.005906820297241211, "t_ifft_as_arg": 0.006417751312255859, "t_ifft_cpp": 0.00641292, "t_ifft_return": 0.0061511993408203125}], "hostname": "cl7n005", "n0": 1024, "n1": 1024, "nb_proc": 2, "pid": 3798, "time_as_str": "2017-10-05_14-39-59"}
