{"benchmarks_classes": [{"name": "fft2dmpiwithfftw1d", "t_fft_as_arg": 0.008145689964294434, "t_fft_cpp": 0.007678819999999999, "t_fft_return": 0.007200121879577637, "t_ifft_as_arg": 0.011359691619873047, "t_ifft_cpp": 0.0113547, "t_ifft_return": 0.006436467170715332}, {"name": "fft2dmpiwithfftwmpi2d", "t_fft_as_arg": 0.005899190902709961, "t_fft_cpp": 0.005854700000000001, "t_fft_return": 0.005906462669372559, "t_ifft_as_arg": 0.006438851356506348, "t_ifft_cpp": 0.006461519999999999, "t_ifft_return": 0.006138801574707031}], "hostname": "cl7n005", "n0": 1024, "n1": 1024, "nb_proc": 2, "pid": 5816, "time_as_str": "2017-10-05_14-43-59"}
