{"benchmarks_classes": [{"name": "fft2dmpiwithfftw1d", "t_fft_as_arg": 0.002521514892578125, "t_fft_cpp": 0.00249204, "t_fft_return": 0.0025151968002319336, "t_ifft_as_arg": 0.002470731735229492, "t_ifft_cpp": 0.00248708, "t_ifft_return": 0.003338336944580078}, {"name": "fft2dmpiwithfftwmpi2d", "t_fft_as_arg": 0.0033245086669921875, "t_fft_cpp": 0.00325606, "t_fft_return": 0.00334012508392334, "t_ifft_as_arg": 0.0025441646575927734, "t_ifft_cpp": 0.00254052, "t_ifft_return": 0.00290071964263916}], "hostname": "cl7n008", "n0": 1024, "n1": 1024, "nb_proc": 32, "pid": 93483, "time_as_str": "2017-10-05_14-39-55"}
