{"benchmarks_classes": [{"name": "fft2dmpiwithfftw1d", "t_fft_as_arg": 0.0026091337203979492, "t_fft_cpp": 0.00266116, "t_fft_return": 0.0026558637619018555, "t_ifft_as_arg": 0.0035942792892456055, "t_ifft_cpp": 0.0029115400000000002, "t_ifft_return": 0.0035222768783569336}, {"name": "fft2dmpiwithfftwmpi2d", "t_fft_as_arg": 0.0018734931945800781, "t_fft_cpp": 0.0018697, "t_fft_return": 0.001889348030090332, "t_ifft_as_arg": 0.002002120018005371, "t_ifft_cpp": 0.00198392, "t_ifft_return": 0.0019882917404174805}], "hostname": "cl7n015", "n0": 1024, "n1": 1024, "nb_proc": 8, "pid": 2070, "time_as_str": "2017-10-05_14-39-03"}
