{"benchmarks_classes": [{"name": "fft2dmpiwithfftw1d", "t_fft_as_arg": 0.0036269426345825195, "t_fft_cpp": 0.0036194599999999997, "t_fft_return": 0.0036596059799194336, "t_ifft_as_arg": 0.0037382841110229492, "t_ifft_cpp": 0.0037037199999999998, "t_ifft_return": 0.004359722137451172}, {"name": "fft2dmpiwithfftwmpi2d", "t_fft_as_arg": 0.003253340721130371, "t_fft_cpp": 0.0032523800000000005, "t_fft_return": 0.003262042999267578, "t_ifft_as_arg": 0.003507852554321289, "t_ifft_cpp": 0.0034868600000000005, "t_ifft_return": 0.0034939050674438477}], "hostname": "cl7n015", "n0": 1024, "n1": 1024, "nb_proc": 4, "pid": 1871, "time_as_str": "2017-10-05_14-38-52"}
