{"benchmarks_classes": [{"name": "fft2dmpiwithfftw1d", "t_fft_as_arg": 0.0023804903030395508, "t_fft_cpp": 0.00240318, "t_fft_return": 0.0024443864822387695, "t_ifft_as_arg": 0.0033391714096069336, "t_ifft_cpp": 0.0032823999999999996, "t_ifft_return": 0.0027364492416381836}, {"name": "fft2dmpiwithfftwmpi2d", "t_fft_as_arg": 0.0018624067306518555, "t_fft_cpp": 0.00185546, "t_fft_return": 0.0018773078918457031, "t_ifft_as_arg": 0.0019834041595458984, "t_ifft_cpp": 0.0019698, "t_ifft_return": 0.004071831703186035}], "hostname": "cl7n015", "n0": 1024, "n1": 1024, "nb_proc": 8, "pid": 1256, "time_as_str": "2017-10-05_14-38-13"}
