{"benchmarks_classes": [{"name": "fft2dmpiwithfftw1d", "t_fft_as_arg": 0.0017951726913452148, "t_fft_cpp": 0.0017640800000000001, "t_fft_return": 0.0018084049224853516, "t_ifft_as_arg": 0.0019140243530273438, "t_ifft_cpp": 0.00186362, "t_ifft_return": 0.0019011497497558594}, {"name": "fft2dmpiwithfftwmpi2d", "t_fft_as_arg": 0.0016554594039916992, "t_fft_cpp": 0.00164434, "t_fft_return": 0.0016609430313110352, "t_ifft_as_arg": 0.0015020370483398438, "t_ifft_cpp": 0.0015077399999999998, "t_ifft_return": 0.001513361930847168}], "hostname": "cl7n006", "n0": 1024, "n1": 1024, "nb_proc": 12, "pid": 102952, "time_as_str": "2017-10-05_14-48-40"}
