{"benchmarks_classes": [{"name": "fft2dmpiwithfftw1d", "t_fft_as_arg": 0.0014767646789550781, "t_fft_cpp": 0.00145806, "t_fft_return": 0.0014852285385131836, "t_ifft_as_arg": 0.0016897916793823242, "t_ifft_cpp": 0.0016186400000000002, "t_ifft_return": 0.002636551856994629}, {"name": "fft2dmpiwithfftwmpi2d", "t_fft_as_arg": 0.0012286901473999023, "t_fft_cpp": 0.00121912, "t_fft_return": 0.0012869834899902344, "t_ifft_as_arg": 0.0015223026275634766, "t_ifft_cpp": 0.0014880199999999998, "t_ifft_return": 0.0023338794708251953}], "hostname": "cl7n015", "n0": 1024, "n1": 1024, "nb_proc": 16, "pid": 6386, "time_as_str": "2017-10-05_14-48-47"}
