{"benchmarks_classes": [{"name": "fft2dmpiwithfftw1d", "t_fft_as_arg": 0.002568960189819336, "t_fft_cpp": 0.00233074, "t_fft_return": 0.0024346113204956055, "t_ifft_as_arg": 0.0027142763137817383, "t_ifft_cpp": 0.00236632, "t_ifft_return": 0.0027844905853271484}, {"name": "fft2dmpiwithfftwmpi2d", "t_fft_as_arg": 0.0020189285278320312, "t_fft_cpp": 0.00200666, "t_fft_return": 0.0020263195037841797, "t_ifft_as_arg": 0.002127408981323242, "t_ifft_cpp": 0.00209668, "t_ifft_return": 0.0042591094970703125}], "hostname": "cl7n015", "n0": 1024, "n1": 1024, "nb_proc": 8, "pid": 6183, "time_as_str": "2017-10-05_14-48-36"}
