{"benchmarks_classes": [{"name": "fft2dmpiwithfftw1d", "t_fft_as_arg": 0.0024482011795043945, "t_fft_cpp": 0.00265378, "t_fft_return": 0.0024683475494384766, "t_ifft_as_arg": 0.002644658088684082, "t_ifft_cpp": 0.00261998, "t_ifft_return": 0.0026450157165527344}, {"name": "fft2dmpiwithfftwmpi2d", "t_fft_as_arg": 0.0018765926361083984, "t_fft_cpp": 0.0018676200000000002, "t_fft_return": 0.0018990039825439453, "t_ifft_as_arg": 0.0019817352294921875, "t_ifft_cpp": 0.00197496, "t_ifft_return": 0.001992464065551758}], "hostname": "cl7n006", "n0": 1024, "n1": 1024, "nb_proc": 8, "pid": 103359, "time_as_str": "2017-10-05_14-49-02"}
