{"benchmarks_classes": [{"name": "fft2dmpiwithfftw1d", "t_fft_as_arg": 0.0044519901275634766, "t_fft_cpp": 0.0036159799999999995, "t_fft_return": 0.003803730010986328, "t_ifft_as_arg": 0.006155729293823242, "t_ifft_cpp": 0.00367792, "t_ifft_return": 0.004840373992919922}, {"name": "fft2dmpiwithfftwmpi2d", "t_fft_as_arg": 0.0032950639724731445, "t_fft_cpp": 0.0032907799999999997, "t_fft_return": 0.0033339262008666992, "t_ifft_as_arg": 0.003605961799621582, "t_ifft_cpp": 0.0035846399999999987, "t_ifft_return": 0.007029891014099121}], "hostname": "cl7n008", "n0": 1024, "n1": 1024, "nb_proc": 4, "pid": 93695, "time_as_str": "2017-10-05_14-40-05"}
