{"benchmarks_classes": [{"name": "fft2dmpiwithfftw1d", "t_fft_as_arg": 0.002495408058166504, "t_fft_cpp": 0.0024821599999999997, "t_fft_return": 0.002549409866333008, "t_ifft_as_arg": 0.002502918243408203, "t_ifft_cpp": 0.00244502, "t_ifft_return": 0.003319263458251953}, {"name": "fft2dmpiwithfftwmpi2d", "t_fft_as_arg": 0.0033344030380249023, "t_fft_cpp": 0.00342666, "t_fft_return": 0.003346681594848633, "t_ifft_as_arg": 0.0025511980056762695, "t_ifft_cpp": 0.00379176, "t_ifft_return": 0.0033745765686035156}], "hostname": "cl7n005", "n0": 1024, "n1": 1024, "nb_proc": 32, "pid": 4221, "time_as_str": "2017-10-05_14-40-25"}
