{"benchmarks_classes": [{"name": "fft2dmpiwithfftw1d", "t_fft_as_arg": 0.0014878511428833008, "t_fft_cpp": 0.00146664, "t_fft_return": 0.001507401466369629, "t_ifft_as_arg": 0.0016450881958007812, "t_ifft_cpp": 0.0016014, "t_ifft_return": 0.002661466598510742}, {"name": "fft2dmpiwithfftwmpi2d", "t_fft_as_arg": 0.0012460947036743164, "t_fft_cpp": 0.001218459999999999, "t_fft_return": 0.0012813806533813477, "t_ifft_as_arg": 0.0015916824340820312, "t_ifft_cpp": 0.0015548799999999998, "t_ifft_return": 0.0024487972259521484}], "hostname": "cl7n015", "n0": 1024, "n1": 1024, "nb_proc": 16, "pid": 1489, "time_as_str": "2017-10-05_14-38-23"}
