{"benchmarks_classes": [{"name": "fft2dmpiwithfftw1d", "t_fft_as_arg": 0.004862070083618164, "t_fft_cpp": 0.004299120000000001, "t_fft_return": 0.003802776336669922, "t_ifft_as_arg": 0.004672884941101074, "t_ifft_cpp": 0.00466644, "t_ifft_return": 0.004408359527587891}, {"name": "fft2dmpiwithfftwmpi2d", "t_fft_as_arg": 0.003274202346801758, "t_fft_cpp": 0.0032784000000000003, "t_fft_return": 0.003297567367553711, "t_ifft_as_arg": 0.0035619735717773438, "t_ifft_cpp": 0.00355012, "t_ifft_return": 0.003586888313293457}], "hostname": "cl7n015", "n0": 1024, "n1": 1024, "nb_proc": 4, "pid": 6597, "time_as_str": "2017-10-05_14-48-56"}
