{"benchmarks_classes": [{"name": "fft2dmpiwithfftw1d", "t_fft_as_arg": 0.004446268081665039, "t_fft_cpp": 0.00365052, "t_fft_return": 0.003808140754699707, "t_ifft_as_arg": 0.006652951240539551, "t_ifft_cpp": 0.00374112, "t_ifft_return": 0.004288673400878906}, {"name": "fft2dmpiwithfftwmpi2d", "t_fft_as_arg": 0.003289461135864258, "t_fft_cpp": 0.0032579399999999995, "t_fft_return": 0.003295421600341797, "t_ifft_as_arg": 0.0035970211029052734, "t_ifft_cpp": 0.00356746, "t_ifft_return": 0.003603816032409668}], "hostname": "cl7n005", "n0": 1024, "n1": 1024, "nb_proc": 4, "pid": 6014, "time_as_str": "2017-10-05_14-44-11"}
