{"benchmarks_classes": [{"name": "fft2dmpiwithfftw1d", "t_fft_as_arg": 0.002488851547241211, "t_fft_cpp": 0.0026596199999999997, "t_fft_return": 0.0024737119674682617, "t_ifft_as_arg": 0.0035452842712402344, "t_ifft_cpp": 0.00307636, "t_ifft_return": 0.003079533576965332}, {"name": "fft2dmpiwithfftwmpi2d", "t_fft_as_arg": 0.0018825531005859375, "t_fft_cpp": 0.00186974, "t_fft_return": 0.0018973350524902344, "t_ifft_as_arg": 0.0019930601119995117, "t_ifft_cpp": 0.00197772, "t_ifft_return": 0.001995086669921875}], "hostname": "cl7n015", "n0": 1024, "n1": 1024, "nb_proc": 8, "pid": 5139, "time_as_str": "2017-10-05_14-47-43"}
