{"benchmarks_classes": [{"name": "fft2dmpiwithfftw1d", "t_fft_as_arg": 0.002411484718322754, "t_fft_cpp": 0.00269058, "t_fft_return": 0.002465486526489258, "t_ifft_as_arg": 0.0034786462783813477, "t_ifft_cpp": 0.00321104, "t_ifft_return": 0.0031685829162597656}, {"name": "fft2dmpiwithfftwmpi2d", "t_fft_as_arg": 0.001880049705505371, "t_fft_cpp": 0.0018698400000000002, "t_fft_return": 0.0018963813781738281, "t_ifft_as_arg": 0.0020089149475097656, "t_ifft_cpp": 0.00199162, "t_ifft_return": 0.004089474678039551}], "hostname": "cl7n015", "n0": 1024, "n1": 1024, "nb_proc": 8, "pid": 3240, "time_as_str": "2017-10-05_14-40-05"}
