{"benchmarks_classes": [{"name": "fft2dmpiwithfftw1d", "t_fft_as_arg": 0.004392385482788086, "t_fft_cpp": 0.0036718000000000002, "t_fft_return": 0.003850698471069336, "t_ifft_as_arg": 0.0045653581619262695, "t_ifft_cpp": 0.0036747999999999998, "t_ifft_return": 0.004567980766296387}, {"name": "fft2dmpiwithfftwmpi2d", "t_fft_as_arg": 0.0032873153686523438, "t_fft_cpp": 0.0032515800000000004, "t_fft_return": 0.0032840967178344727, "t_ifft_as_arg": 0.003567814826965332, "t_ifft_cpp": 0.00356668, "t_ifft_return": 0.0035927295684814453}], "hostname": "cl7n015", "n0": 1024, "n1": 1024, "nb_proc": 4, "pid": 4938, "time_as_str": "2017-10-05_14-47-33"}
