{"benchmarks_classes": [{"name": "fft2dmpiwithfftw1d", "t_fft_as_arg": 0.0014393329620361328, "t_fft_cpp": 0.00141354, "t_fft_return": 0.0014736652374267578, "t_ifft_as_arg": 0.0015592575073242188, "t_ifft_cpp": 0.0015006400000000001, "t_ifft_return": 0.0016095638275146484}, {"name": "fft2dmpiwithfftwmpi2d", "t_fft_as_arg": 0.0012260675430297852, "t_fft_cpp": 0.0011995599999999995, "t_fft_return": 0.0012333393096923828, "t_ifft_as_arg": 0.0015339851379394531, "t_ifft_cpp": 0.0014977599999999999, "t_ifft_return": 0.0023201704025268555}], "hostname": "cl7n006", "n0": 1024, "n1": 1024, "nb_proc": 16, "pid": 103568, "time_as_str": "2017-10-05_14-49-14"}
