{"benchmarks_classes": [{"name": "fft2dmpiwithfftw1d", "t_fft_as_arg": 0.0019239187240600586, "t_fft_cpp": 0.0017460999999999998, "t_fft_return": 0.001788496971130371, "t_ifft_as_arg": 0.002025127410888672, "t_ifft_cpp": 0.0018398400000000001, "t_ifft_return": 0.0019603967666625977}, {"name": "fft2dmpiwithfftwmpi2d", "t_fft_as_arg": 0.0016487836837768555, "t_fft_cpp": 0.00163156, "t_fft_return": 0.0016762018203735352, "t_ifft_as_arg": 0.0014905929565429688, "t_ifft_cpp": 0.0014683399999999998, "t_ifft_return": 0.0030254125595092773}], "hostname": "cl7n015", "n0": 1024, "n1": 1024, "nb_proc": 12, "pid": 5342, "time_as_str": "2017-10-05_14-47-52"}
