{"benchmarks_classes": [{"name": "fft2dmpiwithfftw1d", "t_fft_as_arg": 0.008146882057189941, "t_fft_cpp": 0.0076908, "t_fft_return": 0.008171439170837402, "t_ifft_as_arg": 0.011456131935119629, "t_ifft_cpp": 0.01141154, "t_ifft_return": 0.010821938514709473}, {"name": "fft2dmpiwithfftwmpi2d", "t_fft_as_arg": 0.006935596466064453, "t_fft_cpp": 0.00672736, "t_fft_return": 0.00587773323059082, "t_ifft_as_arg": 0.006665468215942383, "t_ifft_cpp": 0.00799678, "t_ifft_return": 0.006276607513427734}], "hostname": "cl7n005", "n0": 1024, "n1": 1024, "nb_proc": 2, "pid": 3388, "time_as_str": "2017-10-05_14-39-34"}
