{"benchmarks_classes": [{"name": "fft2dmpiwithfftw1d", "t_fft_as_arg": 0.007300138473510742, "t_fft_cpp": 0.00768446, "t_fft_return": 0.008180737495422363, "t_ifft_as_arg": 0.011455655097961426, "t_ifft_cpp": 0.0113789, "t_ifft_return": 0.010776758193969727}, {"name": "fft2dmpiwithfftwmpi2d", "t_fft_as_arg": 0.0069206953048706055, "t_fft_cpp": 0.006643859999999999, "t_fft_return": 0.006931781768798828, "t_ifft_as_arg": 0.00765383243560791, "t_ifft_cpp": 0.00759776, "t_ifft_return": 0.0069506168365478516}], "hostname": "cl7n015", "n0": 1024, "n1": 1024, "nb_proc": 2, "pid": 5779, "time_as_str": "2017-10-05_14-48-13"}
