{"benchmarks_classes": [{"name": "fft2dmpiwithfftw1d", "t_fft_as_arg": 0.00808560848236084, "t_fft_cpp": 0.007665280000000001, "t_fft_return": 0.00808095932006836, "t_ifft_as_arg": 0.011409401893615723, "t_ifft_cpp": 0.011400920000000002, "t_ifft_return": 0.006687045097351074}, {"name": "fft2dmpiwithfftwmpi2d", "t_fft_as_arg": 0.005907893180847168, "t_fft_cpp": 0.005834299999999999, "t_fft_return": 0.005918979644775391, "t_ifft_as_arg": 0.006422877311706543, "t_ifft_cpp": 0.006417000000000001, "t_ifft_return": 0.006162524223327637}], "hostname": "cl7n015", "n0": 1024, "n1": 1024, "nb_proc": 2, "pid": 4721, "time_as_str": "2017-10-05_14-47-20"}
