{"benchmarks_classes": [{"name": "fft2dmpiwithfftw1d", "t_fft_as_arg": 0.003656625747680664, "t_fft_cpp": 0.00366734, "t_fft_return": 0.0036906003952026367, "t_ifft_as_arg": 0.0038077831268310547, "t_ifft_cpp": 0.0037759399999999998, "t_ifft_return": 0.003982424736022949}, {"name": "fft2dmpiwithfftwmpi2d", "t_fft_as_arg": 0.0032401084899902344, "t_fft_cpp": 0.00323066, "t_fft_return": 0.003247857093811035, "t_ifft_as_arg": 0.0035424232482910156, "t_ifft_cpp": 0.00353408, "t_ifft_return": 0.0035616159439086914}], "hostname": "cl7n015", "n0": 1024, "n1": 1024, "nb_proc": 4, "pid": 1039, "time_as_str": "2017-10-05_14-38-02"}
