{"benchmarks_classes": [{"name": "fft2dmpiwithfftw1d", "t_fft_as_arg": 0.0017982721328735352, "t_fft_cpp": 0.0018646399999999999, "t_fft_return": 0.001806020736694336, "t_ifft_as_arg": 0.0019538402557373047, "t_ifft_cpp": 0.0022162, "t_ifft_return": 0.0019643306732177734}, {"name": "fft2dmpiwithfftwmpi2d", "t_fft_as_arg": 0.0016460418701171875, "t_fft_cpp": 0.0016331000000000002, "t_fft_return": 0.001659393310546875, "t_ifft_as_arg": 0.001488327980041504, "t_ifft_cpp": 0.0014698600000000001, "t_ifft_return": 0.0015056133270263672}], "hostname": "cl7n005", "n0": 1024, "n1": 1024, "nb_proc": 12, "pid": 3999, "time_as_str": "2017-10-05_14-40-12"}
