{
 "benchmarks_classes": [
  {
   "name": "fft3dmpiwithfftw1d",
   "t_fft_as_arg": 0.538804292678833,
   "t_fft_cpp": 0.5326621666666667,
   "t_fft_return": 0.577673077583313,
   "t_ifft_as_arg": 0.7216700315475464,
   "t_ifft_cpp": 0.72386075,
   "t_ifft_return": 0.7926310300827026
  },
  {
   "name": "fft3dmpiwithfftwmpi3d",
   "t_fft_as_arg": 0.46730470657348633,
   "t_fft_cpp": 0.41521225,
   "t_fft_return": 0.512901782989502,
   "t_ifft_as_arg": 0.5181344747543335,
   "t_ifft_cpp": 0.49465866666666664,
   "t_ifft_return": 0.5396676063537598
  },
  {
   "name": "fft3dmpiwithp3dfft",
   "t_fft_as_arg": 0.5316818952560425,
   "t_fft_cpp": 0.5236615833333333,
   "t_fft_return": 0.5579665899276733,
   "t_ifft_as_arg": 0.5441261529922485,
   "t_ifft_cpp": 0.5463420833333333,
   "t_ifft_return": 0.5611823797225952
  },
  {
   "name": "fft3dmpiwithpfft",
   "t_fft_as_arg": 0.8625985383987427,
   "t_fft_cpp": 0.6289578333333333,
   "t_fft_return": 0.8860619068145752,
   "t_ifft_as_arg": 1.1088370084762573,
   "t_ifft_cpp": 1.2270958333333333,
   "t_ifft_return": 1.1366385221481323
  }
 ],
 "hostname": "cl8n006",
 "n0": 640,
 "n1": 640,
 "n2": 320,
 "nb_proc": 8,
 "pid": 27219,
 "time_as_str": "2017-11-28_10-57-30"
}
