{
 "benchmarks_classes": [
  {
   "name": "fft3dmpiwithfftw1d",
   "t_fft_as_arg": 1.3878947496414185,
   "t_fft_cpp": 1.2936440833333334,
   "t_fft_return": 1.5223157405853271,
   "t_ifft_as_arg": 1.7730149030685425,
   "t_ifft_cpp": 1.5040654166666665,
   "t_ifft_return": 1.8979828357696533
  },
  {
   "name": "fft3dmpiwithfftwmpi3d",
   "t_fft_as_arg": 0.7241605520248413,
   "t_fft_cpp": 0.7259790833333333,
   "t_fft_return": 0.8201643228530884,
   "t_ifft_as_arg": 0.7812327146530151,
   "t_ifft_cpp": 0.7898556666666666,
   "t_ifft_return": 0.847333550453186
  },
  {
   "name": "fft3dmpiwithp3dfft",
   "t_fft_as_arg": 1.1706993579864502,
   "t_fft_cpp": 0.8928280000000001,
   "t_fft_return": 1.2072839736938477,
   "t_ifft_as_arg": 1.1872131824493408,
   "t_ifft_cpp": 0.9268949166666666,
   "t_ifft_return": 1.2237920761108398
  },
  {
   "name": "fft3dmpiwithpfft",
   "t_fft_as_arg": 1.0647631883621216,
   "t_fft_cpp": 1.060129,
   "t_fft_return": 1.1584147214889526,
   "t_ifft_as_arg": 1.5034904479980469,
   "t_ifft_cpp": 1.5088846666666667,
   "t_ifft_return": 1.5531556606292725
  }
 ],
 "hostname": "cl8n010",
 "n0": 640,
 "n1": 640,
 "n2": 320,
 "nb_proc": 4,
 "pid": 146197,
 "time_as_str": "2017-11-28_10-54-50"
}
