{
 "benchmarks_classes": [
  {
   "name": "fft3dmpiwithfftw1d",
   "t_fft_as_arg": 0.25254523754119873,
   "t_fft_cpp": 0.24570041666666667,
   "t_fft_return": 0.26433706283569336,
   "t_ifft_as_arg": 0.2834573984146118,
   "t_ifft_cpp": 0.28447666666666666,
   "t_ifft_return": 0.2718733549118042
  },
  {
   "name": "fft3dmpiwithfftwmpi3d",
   "t_fft_as_arg": 0.24965131282806396,
   "t_fft_cpp": 0.24330608333333334,
   "t_fft_return": 0.2631113529205322,
   "t_ifft_as_arg": 0.2641042470932007,
   "t_ifft_cpp": 0.26589033333333334,
   "t_ifft_return": 0.25706446170806885
  },
  {
   "name": "fft3dmpiwithp3dfft",
   "t_fft_as_arg": 0.34723949432373047,
   "t_fft_cpp": 0.33926049999999996,
   "t_fft_return": 0.34521520137786865,
   "t_ifft_as_arg": 0.3668118715286255,
   "t_ifft_cpp": 0.36664399999999997,
   "t_ifft_return": 0.35692358016967773
  },
  {
   "name": "fft3dmpiwithpfft",
   "t_fft_as_arg": 0.4859973192214966,
   "t_fft_cpp": 0.48685399999999995,
   "t_fft_return": 0.5341677665710449,
   "t_ifft_as_arg": 0.6044031381607056,
   "t_ifft_cpp": 0.59608675,
   "t_ifft_return": 0.6645179986953735
  }
 ],
 "hostname": "cl8n006",
 "n0": 640,
 "n1": 640,
 "n2": 320,
 "nb_proc": 20,
 "pid": 26973,
 "time_as_str": "2017-11-28_10-54-47"
}
