{
 "benchmarks_classes": [
  {
   "name": "fft3dmpiwithfftw1d",
   "t_fft_as_arg": 0.6111981868743896,
   "t_fft_cpp": 0.5703525833333333,
   "t_fft_return": 0.6519850492477417,
   "t_ifft_as_arg": 0.7206810712814331,
   "t_ifft_cpp": 0.8031826666666667,
   "t_ifft_return": 0.7395888566970825
  },
  {
   "name": "fft3dmpiwithfftwmpi3d",
   "t_fft_as_arg": 0.3490309715270996,
   "t_fft_cpp": 0.35220075,
   "t_fft_return": 0.3888082504272461,
   "t_ifft_as_arg": 0.37542617321014404,
   "t_ifft_cpp": 0.37818216666666665,
   "t_ifft_return": 0.39041614532470703
  },
  {
   "name": "fft3dmpiwithp3dfft",
   "t_fft_as_arg": 0.4563509225845337,
   "t_fft_cpp": 0.4488638333333333,
   "t_fft_return": 0.47406482696533203,
   "t_ifft_as_arg": 0.47364580631256104,
   "t_ifft_cpp": 0.47567966666666667,
   "t_ifft_return": 0.48588478565216064
  },
  {
   "name": "fft3dmpiwithpfft",
   "t_fft_as_arg": 0.5225880146026611,
   "t_fft_cpp": 0.53659225,
   "t_fft_return": 0.5631765127182007,
   "t_ifft_as_arg": 0.6876945495605469,
   "t_ifft_cpp": 0.6892442500000001,
   "t_ifft_return": 0.9339660406112671
  }
 ],
 "hostname": "cl8n001",
 "n0": 640,
 "n1": 640,
 "n2": 320,
 "nb_proc": 10,
 "pid": 13269,
 "time_as_str": "2017-11-28_11-06-36"
}
