{
 "benchmarks_classes": [
  {
   "name": "fft3dmpiwithfftw1d",
   "t_fft_as_arg": 2.9750921726226807,
   "t_fft_cpp": 2.5113748333333334,
   "t_fft_return": 3.1680448055267334,
   "t_ifft_as_arg": 3.8019702434539795,
   "t_ifft_cpp": 3.6928940000000003,
   "t_ifft_return": 3.9052411317825317
  },
  {
   "name": "fft3dmpiwithfftwmpi3d",
   "t_fft_as_arg": 1.3937323093414307,
   "t_fft_cpp": 1.4109430833333334,
   "t_fft_return": 1.5672941207885742,
   "t_ifft_as_arg": 1.4895809888839722,
   "t_ifft_cpp": 1.5057780833333334,
   "t_ifft_return": 1.6007890701293945
  },
  {
   "name": "fft3dmpiwithp3dfft",
   "t_fft_as_arg": 1.399985671043396,
   "t_fft_cpp": 1.3779140833333334,
   "t_fft_return": 1.5253703594207764,
   "t_ifft_as_arg": 1.4698035717010498,
   "t_ifft_cpp": 1.47974475,
   "t_ifft_return": 1.9424934387207031
  },
  {
   "name": "fft3dmpiwithpfft",
   "t_fft_as_arg": 2.330918788909912,
   "t_fft_cpp": 2.3513698333333335,
   "t_fft_return": 2.5026423931121826,
   "t_ifft_as_arg": 3.4510384798049927,
   "t_ifft_cpp": 3.46280775,
   "t_ifft_return": 3.550605893135071
  }
 ],
 "hostname": "cl8n005",
 "n0": 640,
 "n1": 640,
 "n2": 320,
 "nb_proc": 2,
 "pid": 35047,
 "time_as_str": "2017-11-28_10-54-50"
}
