{
 "benchmarks_classes": [
  {
   "name": "fft3dmpiwithfftw1d",
   "t_fft_as_arg": 0.5381852388381958,
   "t_fft_cpp": 0.5419559166666666,
   "t_fft_return": 0.5770195722579956,
   "t_ifft_as_arg": 0.6692550182342529,
   "t_ifft_cpp": 0.6704360833333333,
   "t_ifft_return": 0.6803432703018188
  },
  {
   "name": "fft3dmpiwithfftwmpi3d",
   "t_fft_as_arg": 0.34901928901672363,
   "t_fft_cpp": 0.3520893333333333,
   "t_fft_return": 0.38739895820617676,
   "t_ifft_as_arg": 0.3757971525192261,
   "t_ifft_cpp": 0.37759158333333337,
   "t_ifft_return": 0.3882436752319336
  },
  {
   "name": "fft3dmpiwithp3dfft",
   "t_fft_as_arg": 0.458787202835083,
   "t_fft_cpp": 0.45041325,
   "t_fft_return": 0.5378986597061157,
   "t_ifft_as_arg": 0.47117114067077637,
   "t_ifft_cpp": 0.4731034166666667,
   "t_ifft_return": 0.5570491552352905
  },
  {
   "name": "fft3dmpiwithpfft",
   "t_fft_as_arg": 0.8166364431381226,
   "t_fft_cpp": 0.8660984166666666,
   "t_fft_return": 0.8462111949920654,
   "t_ifft_as_arg": 1.0744106769561768,
   "t_ifft_cpp": 1.0607748333333333,
   "t_ifft_return": 1.087756872177124
  }
 ],
 "hostname": "cl8n001",
 "n0": 640,
 "n1": 640,
 "n2": 320,
 "nb_proc": 10,
 "pid": 13015,
 "time_as_str": "2017-11-28_11-02-20"
}
