{
 "benchmarks_classes": [
  {
   "name": "fft3dmpiwithfftw1d",
   "t_fft_as_arg": 0.36774158477783203,
   "t_fft_cpp": 0.36186566666666664,
   "t_fft_return": 0.3991091251373291,
   "t_ifft_as_arg": 0.41409778594970703,
   "t_ifft_cpp": 0.41436825000000005,
   "t_ifft_return": 0.41409599781036377
  },
  {
   "name": "fft3dmpiwithfftwmpi3d",
   "t_fft_as_arg": 0.33715832233428955,
   "t_fft_cpp": 0.3532558333333333,
   "t_fft_return": 0.37035131454467773,
   "t_ifft_as_arg": 0.36219143867492676,
   "t_ifft_cpp": 0.3631814166666667,
   "t_ifft_return": 0.37011170387268066
  },
  {
   "name": "fft3dmpiwithp3dfft",
   "t_fft_as_arg": 0.4214303493499756,
   "t_fft_cpp": 0.41387466666666667,
   "t_fft_return": 0.5490494966506958,
   "t_ifft_as_arg": 0.571247935295105,
   "t_ifft_cpp": 0.43952075,
   "t_ifft_return": 0.5595378875732422
  },
  {
   "name": "fft3dmpiwithpfft",
   "t_fft_as_arg": 0.6951932907104492,
   "t_fft_cpp": 0.6961361666666667,
   "t_fft_return": 0.708317756652832,
   "t_ifft_as_arg": 0.8484747409820557,
   "t_ifft_cpp": 0.8758120833333334,
   "t_ifft_return": 0.8524022102355957
  }
 ],
 "hostname": "cl8n001",
 "n0": 640,
 "n1": 640,
 "n2": 320,
 "nb_proc": 12,
 "pid": 12514,
 "time_as_str": "2017-11-28_10-58-32"
}
