{
 "benchmarks_classes": [
  {
   "name": "fft3dmpiwithfftw1d",
   "t_fft_as_arg": 1.227790117263794,
   "t_fft_cpp": 1.2164961666666667,
   "t_fft_return": 1.3055615425109863,
   "t_ifft_as_arg": 1.4971312284469604,
   "t_ifft_cpp": 1.48376875,
   "t_ifft_return": 1.812187671661377
  },
  {
   "name": "fft3dmpiwithfftwmpi3d",
   "t_fft_as_arg": 0.732075572013855,
   "t_fft_cpp": 0.73082875,
   "t_fft_return": 0.8184992074966431,
   "t_ifft_as_arg": 0.7777940034866333,
   "t_ifft_cpp": 0.78688175,
   "t_ifft_return": 0.8327523469924927
  },
  {
   "name": "fft3dmpiwithp3dfft",
   "t_fft_as_arg": 0.9224010705947876,
   "t_fft_cpp": 0.9128384166666667,
   "t_fft_return": 0.9863563776016235,
   "t_ifft_as_arg": 0.9390871524810791,
   "t_ifft_cpp": 0.9449407500000001,
   "t_ifft_return": 0.9830409288406372
  },
  {
   "name": "fft3dmpiwithpfft",
   "t_fft_as_arg": 1.0710874795913696,
   "t_fft_cpp": 1.0689825,
   "t_fft_return": 1.4189715385437012,
   "t_ifft_as_arg": 1.8538825511932373,
   "t_ifft_cpp": 1.4845841666666668,
   "t_ifft_return": 1.9000753164291382
  }
 ],
 "hostname": "cl8n010",
 "n0": 640,
 "n1": 640,
 "n2": 320,
 "nb_proc": 4,
 "pid": 726,
 "time_as_str": "2017-11-28_11-06-03"
}
