{
 "benchmarks_classes": [
  {
   "name": "fft3dmpiwithfftw1d",
   "t_fft_as_arg": 0.6811273097991943,
   "t_fft_cpp": 0.55799225,
   "t_fft_return": 0.7210789918899536,
   "t_ifft_as_arg": 0.8052828311920166,
   "t_ifft_cpp": 0.72165975,
   "t_ifft_return": 0.8218141794204712
  },
  {
   "name": "fft3dmpiwithfftwmpi3d",
   "t_fft_as_arg": 0.35031187534332275,
   "t_fft_cpp": 0.3532201666666666,
   "t_fft_return": 0.3881957530975342,
   "t_ifft_as_arg": 0.3774454593658447,
   "t_ifft_cpp": 0.37944550000000005,
   "t_ifft_return": 0.389829158782959
  },
  {
   "name": "fft3dmpiwithp3dfft",
   "t_fft_as_arg": 0.4552267789840698,
   "t_fft_cpp": 0.44759449999999995,
   "t_fft_return": 0.7386274337768555,
   "t_ifft_as_arg": 0.46689462661743164,
   "t_ifft_cpp": 0.4686231666666667,
   "t_ifft_return": 0.7740079164505005
  },
  {
   "name": "fft3dmpiwithpfft",
   "t_fft_as_arg": 1.0024876594543457,
   "t_fft_cpp": 0.9935930000000001,
   "t_fft_return": 1.0385944843292236,
   "t_ifft_as_arg": 1.2882238626480103,
   "t_ifft_cpp": 1.29722125,
   "t_ifft_return": 1.297524333000183
  }
 ],
 "hostname": "cl8n008",
 "n0": 640,
 "n1": 640,
 "n2": 320,
 "nb_proc": 10,
 "pid": 142225,
 "time_as_str": "2017-11-28_10-57-35"
}
