{
 "benchmarks_classes": [
  {
   "name": "fft3dmpiwithfftw1d",
   "t_fft_as_arg": 0.5713510513305664,
   "t_fft_cpp": 0.578021,
   "t_fft_return": 0.6101475954055786,
   "t_ifft_as_arg": 0.6825786828994751,
   "t_ifft_cpp": 0.6808579166666666,
   "t_ifft_return": 0.6938533782958984
  },
  {
   "name": "fft3dmpiwithfftwmpi3d",
   "t_fft_as_arg": 0.35047781467437744,
   "t_fft_cpp": 0.35331908333333334,
   "t_fft_return": 0.3884577751159668,
   "t_ifft_as_arg": 0.37534236907958984,
   "t_ifft_cpp": 0.37838225000000003,
   "t_ifft_return": 0.38831019401550293
  },
  {
   "name": "fft3dmpiwithp3dfft",
   "t_fft_as_arg": 0.45896267890930176,
   "t_fft_cpp": 0.45012375,
   "t_fft_return": 0.4750692844390869,
   "t_ifft_as_arg": 0.4699758291244507,
   "t_ifft_cpp": 0.47268658333333335,
   "t_ifft_return": 0.48041653633117676
  },
  {
   "name": "fft3dmpiwithpfft",
   "t_fft_as_arg": 0.8396637439727783,
   "t_fft_cpp": 0.8195990833333333,
   "t_fft_return": 0.9929505586624146,
   "t_ifft_as_arg": 1.0954704284667969,
   "t_ifft_cpp": 1.104998,
   "t_ifft_return": 1.0997484922409058
  }
 ],
 "hostname": "cl8n009",
 "n0": 640,
 "n1": 640,
 "n2": 320,
 "nb_proc": 10,
 "pid": 140600,
 "time_as_str": "2017-11-28_10-54-46"
}
