{
 "benchmarks_classes": [
  {
   "name": "fft3dmpiwithfftw1d",
   "t_fft_as_arg": 0.3814821243286133,
   "t_fft_cpp": 0.3750881666666667,
   "t_fft_return": 0.4116222858428955,
   "t_ifft_as_arg": 0.4795798063278198,
   "t_ifft_cpp": 0.47412516666666665,
   "t_ifft_return": 0.47511184215545654
  },
  {
   "name": "fft3dmpiwithfftwmpi3d",
   "t_fft_as_arg": 0.34252166748046875,
   "t_fft_cpp": 0.35883933333333334,
   "t_fft_return": 0.4127124547958374,
   "t_ifft_as_arg": 0.36906909942626953,
   "t_ifft_cpp": 0.37034933333333336,
   "t_ifft_return": 0.4313541650772095
  },
  {
   "name": "fft3dmpiwithp3dfft",
   "t_fft_as_arg": 0.5475244522094727,
   "t_fft_cpp": 0.5422441666666666,
   "t_fft_return": 0.5574851036071777,
   "t_ifft_as_arg": 0.5753771066665649,
   "t_ifft_cpp": 0.5763196666666667,
   "t_ifft_return": 0.6851252317428589
  },
  {
   "name": "fft3dmpiwithpfft",
   "t_fft_as_arg": 0.9305481910705566,
   "t_fft_cpp": 1.02204475,
   "t_fft_return": 0.9392814636230469,
   "t_ifft_as_arg": 1.1631463766098022,
   "t_ifft_cpp": 1.18597625,
   "t_ifft_return": 1.2341710329055786
  }
 ],
 "hostname": "cl8n008",
 "n0": 640,
 "n1": 640,
 "n2": 320,
 "nb_proc": 12,
 "pid": 142994,
 "time_as_str": "2017-11-28_11-06-45"
}
