{
 "benchmarks_classes": [
  {
   "name": "fft3dmpiwithfftw1d",
   "t_fft_as_arg": 2.55602765083313,
   "t_fft_cpp": 2.5717316666666665,
   "t_fft_return": 2.7213294506073,
   "t_ifft_as_arg": 3.2654547691345215,
   "t_ifft_cpp": 3.2659755833333333,
   "t_ifft_return": 3.345875382423401
  },
  {
   "name": "fft3dmpiwithfftwmpi3d",
   "t_fft_as_arg": 1.3952003717422485,
   "t_fft_cpp": 1.4125978333333336,
   "t_fft_return": 1.5687370300292969,
   "t_ifft_as_arg": 1.513767123222351,
   "t_ifft_cpp": 1.51530075,
   "t_ifft_return": 1.6139628887176514
  },
  {
   "name": "fft3dmpiwithp3dfft",
   "t_fft_as_arg": 1.5195127725601196,
   "t_fft_cpp": 1.496709,
   "t_fft_return": 1.8901867866516113,
   "t_ifft_as_arg": 1.8019306659698486,
   "t_ifft_cpp": 1.5399289999999999,
   "t_ifft_return": 1.8571428060531616
  },
  {
   "name": "fft3dmpiwithpfft",
   "t_fft_as_arg": 2.366055727005005,
   "t_fft_cpp": 1.848435,
   "t_fft_return": 2.5289547443389893,
   "t_ifft_as_arg": 3.4511842727661133,
   "t_ifft_cpp": 3.233644416666667,
   "t_ifft_return": 3.5476322174072266
  }
 ],
 "hostname": "cl8n012",
 "n0": 640,
 "n1": 640,
 "n2": 320,
 "nb_proc": 2,
 "pid": 35386,
 "time_as_str": "2017-11-28_10-54-45"
}
