{
 "benchmarks_classes": [
  {
   "name": "fft3dmpiwithfftw1d",
   "t_fft_as_arg": 0.5843381881713867,
   "t_fft_cpp": 0.5332690833333333,
   "t_fft_return": 0.7147538661956787,
   "t_ifft_as_arg": 0.868614673614502,
   "t_ifft_cpp": 0.7301794166666666,
   "t_ifft_return": 0.902637243270874
  },
  {
   "name": "fft3dmpiwithfftwmpi3d",
   "t_fft_as_arg": 0.4231228828430176,
   "t_fft_cpp": 0.41754699999999995,
   "t_fft_return": 0.4730837345123291,
   "t_ifft_as_arg": 0.45663440227508545,
   "t_ifft_cpp": 0.45958800000000005,
   "t_ifft_return": 0.473810076713562
  },
  {
   "name": "fft3dmpiwithp3dfft",
   "t_fft_as_arg": 0.9777966737747192,
   "t_fft_cpp": 1.0013011666666667,
   "t_fft_return": 0.9947565793991089,
   "t_ifft_as_arg": 1.0769522190093994,
   "t_ifft_cpp": 1.10000625,
   "t_ifft_return": 1.0977169275283813
  },
  {
   "name": "fft3dmpiwithpfft",
   "t_fft_as_arg": 0.6004161834716797,
   "t_fft_cpp": 0.5978853333333333,
   "t_fft_return": 0.6483383178710938,
   "t_ifft_as_arg": 0.8040124177932739,
   "t_ifft_cpp": 0.8057526666666667,
   "t_ifft_return": 0.821251630783081
  }
 ],
 "hostname": "cl8n006",
 "n0": 640,
 "n1": 640,
 "n2": 320,
 "nb_proc": 8,
 "pid": 27986,
 "time_as_str": "2017-11-28_11-06-31"
}
