{
 "benchmarks_classes": [
  {
   "name": "fft3dmpiwithfftw1d",
   "t_fft_as_arg": 0.3196291923522949,
   "t_fft_cpp": 0.2923601666666667,
   "t_fft_return": 0.35252881050109863,
   "t_ifft_as_arg": 0.4145326614379883,
   "t_ifft_cpp": 0.3922095833333333,
   "t_ifft_return": 0.40390682220458984
  },
  {
   "name": "fft3dmpiwithfftwmpi3d",
   "t_fft_as_arg": 0.27269554138183594,
   "t_fft_cpp": 0.2665425,
   "t_fft_return": 0.2942301034927368,
   "t_ifft_as_arg": 0.2945324182510376,
   "t_ifft_cpp": 0.2957855,
   "t_ifft_return": 0.29245758056640625
  },
  {
   "name": "fft3dmpiwithp3dfft",
   "t_fft_as_arg": 0.368402361869812,
   "t_fft_cpp": 0.36096525,
   "t_fft_return": 0.37037909030914307,
   "t_ifft_as_arg": 0.3852860927581787,
   "t_ifft_cpp": 0.385975,
   "t_ifft_return": 0.38094186782836914
  },
  {
   "name": "fft3dmpiwithpfft",
   "t_fft_as_arg": 0.44388508796691895,
   "t_fft_cpp": 0.4363141666666666,
   "t_fft_return": 0.4599257707595825,
   "t_ifft_as_arg": 0.5520094633102417,
   "t_ifft_cpp": 0.5523211666666666,
   "t_ifft_return": 0.5454845428466797
  }
 ],
 "hostname": "cl8n008",
 "n0": 640,
 "n1": 640,
 "n2": 320,
 "nb_proc": 16,
 "pid": 141971,
 "time_as_str": "2017-11-28_10-54-46"
}
