{
 "benchmarks_classes": [
  {
   "name": "fft3dmpiwithfftw1d",
   "t_fft_as_arg": 0.6969759464263916,
   "t_fft_cpp": 0.68157605,
   "t_fft_return": 0.6911134719848633,
   "t_ifft_as_arg": 0.6747275590896606,
   "t_ifft_cpp": 0.6768856,
   "t_ifft_return": 0.6831719875335693
  },
  {
   "name": "fft3dmpiwithfftwmpi3d",
   "t_fft_as_arg": 0.8035563230514526,
   "t_fft_cpp": 0.7923842999999999,
   "t_fft_return": 0.8104323148727417,
   "t_ifft_as_arg": 0.8671243190765381,
   "t_ifft_cpp": 0.8702216999999999,
   "t_ifft_return": 0.8682881593704224
  },
  {
   "name": "fft3dmpiwithp3dfft",
   "t_fft_as_arg": 0.8778778314590454,
   "t_fft_cpp": 0.8636888,
   "t_fft_return": 0.9044023752212524,
   "t_ifft_as_arg": 0.9191977977752686,
   "t_ifft_cpp": 0.92129725,
   "t_ifft_return": 0.908650279045105
  },
  {
   "name": "fft3dmpiwithpfft",
   "t_fft_as_arg": 0.9510359764099121,
   "t_fft_cpp": 0.94807115,
   "t_fft_return": 0.945982813835144,
   "t_ifft_as_arg": 1.5293772220611572,
   "t_ifft_cpp": 1.5270298,
   "t_ifft_return": 1.5294007062911987
  }
 ],
 "hostname": "n1594.occigen",
 "n0": 1152,
 "n1": 1152,
 "n2": 1152,
 "nb_proc": 144,
 "pid": 63981,
 "time_as_str": "2018-01-22_13-31-04"
}
