{
 "benchmarks_classes": [
  {
   "name": "fft3dmpiwithp3dfft",
   "t_fft_as_arg": 0.05456042289733887,
   "t_fft_cpp": 0.053357049999999996,
   "t_fft_return": 0.05373537540435791,
   "t_ifft_as_arg": 0.05736994743347168,
   "t_ifft_cpp": 0.05794375,
   "t_ifft_return": 0.06454110145568848
  },
  {
   "name": "fft3dmpiwithpfft",
   "t_fft_as_arg": 0.05961740016937256,
   "t_fft_cpp": 0.060853000000000004,
   "t_fft_return": 0.06006431579589844,
   "t_ifft_as_arg": 0.06460034847259521,
   "t_ifft_cpp": 0.0648146,
   "t_ifft_return": 0.06444132328033447
  }
 ],
 "hostname": "n1000.occigen",
 "n0": 1152,
 "n1": 1152,
 "n2": 1152,
 "nb_proc": 4608,
 "pid": 26054,
 "time_as_str": "2018-02-09_04-59-58"
}
