{
 "benchmarks_classes": [
  {
   "name": "fft3dmpiwithp3dfft",
   "t_fft_as_arg": 0.030818819999694824,
   "t_fft_cpp": 0.030647600000000004,
   "t_fft_return": 0.030775904655456543,
   "t_ifft_as_arg": 0.03214073181152344,
   "t_ifft_cpp": 0.0324859,
   "t_ifft_return": 0.03866875171661377
  },
  {
   "name": "fft3dmpiwithpfft",
   "t_fft_as_arg": 0.030716419219970703,
   "t_fft_cpp": 0.032479749999999995,
   "t_fft_return": 0.03201627731323242,
   "t_ifft_as_arg": 0.037143707275390625,
   "t_ifft_cpp": 0.0367618,
   "t_ifft_return": 0.036992669105529785
  }
 ],
 "hostname": "n1056.occigen",
 "n0": 1152,
 "n1": 1152,
 "n2": 1152,
 "nb_proc": 9216,
 "pid": 27025,
 "time_as_str": "2018-02-09_07-04-07"
}
