{
 "benchmarks_classes": [
  {
   "name": "fft3dmpiwithfftw1d",
   "t_fft_as_arg": 1.2603623867034912,
   "t_fft_cpp": 1.2325211,
   "t_fft_return": 1.2768816947937012,
   "t_ifft_as_arg": 1.2003419399261475,
   "t_ifft_cpp": 1.2090519,
   "t_ifft_return": 1.2309736013412476
  },
  {
   "name": "fft3dmpiwithfftwmpi3d",
   "t_fft_as_arg": 1.4315482378005981,
   "t_fft_cpp": 1.40757845,
   "t_fft_return": 1.433938980102539,
   "t_ifft_as_arg": 1.5538866519927979,
   "t_ifft_cpp": 1.5538028499999998,
   "t_ifft_return": 1.5356501340866089
  },
  {
   "name": "fft3dmpiwithp3dfft",
   "t_fft_as_arg": 1.6002084016799927,
   "t_fft_cpp": 1.53170505,
   "t_fft_return": 1.6330620050430298,
   "t_ifft_as_arg": 1.674241304397583,
   "t_ifft_cpp": 1.68091045,
   "t_ifft_return": 1.6845084428787231
  },
  {
   "name": "fft3dmpiwithpfft",
   "t_fft_as_arg": 1.7781668901443481,
   "t_fft_cpp": 1.7553717500000001,
   "t_fft_return": 1.7721257209777832,
   "t_ifft_as_arg": 2.756234049797058,
   "t_ifft_cpp": 2.748732,
   "t_ifft_return": 2.755092978477478
  }
 ],
 "hostname": "n1214.occigen",
 "n0": 1152,
 "n1": 1152,
 "n2": 1152,
 "nb_proc": 72,
 "pid": 25439,
 "time_as_str": "2018-01-22_12-45-07"
}
