{
 "benchmarks_classes": [
  {
   "name": "fft3dmpiwithfftw1d",
   "t_fft_as_arg": 0.34677398204803467,
   "t_fft_cpp": 0.3359088,
   "t_fft_return": 0.3431684970855713,
   "t_ifft_as_arg": 0.3244197368621826,
   "t_ifft_cpp": 0.32479225,
   "t_ifft_return": 0.32560956478118896
  },
  {
   "name": "fft3dmpiwithfftwmpi3d",
   "t_fft_as_arg": 0.5552929639816284,
   "t_fft_cpp": 0.5444661,
   "t_fft_return": 0.5692702531814575,
   "t_ifft_as_arg": 0.5827523469924927,
   "t_ifft_cpp": 0.6234328,
   "t_ifft_return": 0.6007286310195923
  },
  {
   "name": "fft3dmpiwithp3dfft",
   "t_fft_as_arg": 0.4574451446533203,
   "t_fft_cpp": 0.4472397,
   "t_fft_return": 0.46636831760406494,
   "t_ifft_as_arg": 0.482030987739563,
   "t_ifft_cpp": 0.48391655,
   "t_ifft_return": 0.48599565029144287
  },
  {
   "name": "fft3dmpiwithpfft",
   "t_fft_as_arg": 0.5326528549194336,
   "t_fft_cpp": 0.5280672,
   "t_fft_return": 0.5335731506347656,
   "t_ifft_as_arg": 0.7354291677474976,
   "t_ifft_cpp": 0.734462,
   "t_ifft_return": 0.7330517768859863
  }
 ],
 "hostname": "n1057.occigen",
 "n0": 1152,
 "n1": 1152,
 "n2": 1152,
 "nb_proc": 288,
 "pid": 52028,
 "time_as_str": "2018-01-22_13-32-18"
}
