{
 "benchmarks_classes": [
  {
   "name": "fft3dmpiwithfftwmpi3d",
   "t_fft_as_arg": 0.1656501293182373,
   "t_fft_cpp": 0.16283319999999998,
   "t_fft_return": 0.1603832244873047,
   "t_ifft_as_arg": 0.17368483543395996,
   "t_ifft_cpp": 0.17878739999999999,
   "t_ifft_return": 0.17719054222106934
  },
  {
   "name": "fft3dmpiwithp3dfft",
   "t_fft_as_arg": 0.1945856809616089,
   "t_fft_cpp": 0.19431405,
   "t_fft_return": 0.19432294368743896,
   "t_ifft_as_arg": 0.2080320119857788,
   "t_ifft_cpp": 0.2088967,
   "t_ifft_return": 0.3779104948043823
  },
  {
   "name": "fft3dmpiwithpfft",
   "t_fft_as_arg": 0.20068228244781494,
   "t_fft_cpp": 0.19905885,
   "t_fft_return": 0.19915330410003662,
   "t_ifft_as_arg": 0.21398687362670898,
   "t_ifft_cpp": 0.21343815,
   "t_ifft_return": 0.21461915969848633
  }
 ],
 "hostname": "n1256.occigen",
 "n0": 1152,
 "n1": 1152,
 "n2": 1152,
 "nb_proc": 1152,
 "pid": 24457,
 "time_as_str": "2018-02-08_14-47-22"
}
