{
 "benchmarks_classes": [
  {
   "name": "fft3dmpiwithfftw1d",
   "t_fft_as_arg": 0.26709794998168945,
   "t_fft_cpp": 0.25669345,
   "t_fft_return": 0.2586944103240967,
   "t_ifft_as_arg": 0.2503587007522583,
   "t_ifft_cpp": 0.24986055000000001,
   "t_ifft_return": 0.6101799011230469
  },
  {
   "name": "fft3dmpiwithfftwmpi3d",
   "t_fft_as_arg": 0.29148924350738525,
   "t_fft_cpp": 0.3040966,
   "t_fft_return": 0.30359673500061035,
   "t_ifft_as_arg": 0.31044721603393555,
   "t_ifft_cpp": 0.3110309,
   "t_ifft_return": 0.30828535556793213
  },
  {
   "name": "fft3dmpiwithp3dfft",
   "t_fft_as_arg": 0.29293322563171387,
   "t_fft_cpp": 0.29996815,
   "t_fft_return": 0.2927553653717041,
   "t_ifft_as_arg": 0.31190037727355957,
   "t_ifft_cpp": 0.3070638,
   "t_ifft_return": 0.30931663513183594
  },
  {
   "name": "fft3dmpiwithpfft",
   "t_fft_as_arg": 0.30678486824035645,
   "t_fft_cpp": 0.3127691,
   "t_fft_return": 0.3080397844314575,
   "t_ifft_as_arg": 0.412054181098938,
   "t_ifft_cpp": 0.41026615,
   "t_ifft_return": 0.44392693042755127
  }
 ],
 "hostname": "n1093.occigen",
 "n0": 1152,
 "n1": 1152,
 "n2": 1152,
 "nb_proc": 576,
 "pid": 32192,
 "time_as_str": "2018-01-22_13-48-31"
}
