{
 "benchmarks_classes": [
  {
   "name": "fft3dmpiwithfftw1d",
   "t_fft_as_arg": 1.6938214302062988,
   "t_fft_cpp": 1.6385793,
   "t_fft_return": 1.6784528493881226,
   "t_ifft_as_arg": 1.5898152589797974,
   "t_ifft_cpp": 1.59130185,
   "t_ifft_return": 1.6149131059646606
  },
  {
   "name": "fft3dmpiwithfftwmpi3d",
   "t_fft_as_arg": 1.6791508197784424,
   "t_fft_cpp": 1.6337712,
   "t_fft_return": 1.6725072860717773,
   "t_ifft_as_arg": 1.8720006942749023,
   "t_ifft_cpp": 1.85970495,
   "t_ifft_return": 1.8294068574905396
  },
  {
   "name": "fft3dmpiwithp3dfft",
   "t_fft_as_arg": 2.1630635261535645,
   "t_fft_cpp": 2.1192709,
   "t_fft_return": 2.233162760734558,
   "t_ifft_as_arg": 2.2629109621047974,
   "t_ifft_cpp": 2.2724977500000003,
   "t_ifft_return": 2.2874271869659424
  },
  {
   "name": "fft3dmpiwithpfft",
   "t_fft_as_arg": 2.418564558029175,
   "t_fft_cpp": 2.3737783,
   "t_fft_return": 2.4078314304351807,
   "t_ifft_as_arg": 3.9624656438827515,
   "t_ifft_cpp": 3.9554998500000003,
   "t_ifft_return": 3.9661935567855835
  }
 ],
 "hostname": "n3011.occigen",
 "n0": 1152,
 "n1": 1152,
 "n2": 1152,
 "nb_proc": 48,
 "pid": 10821,
 "time_as_str": "2018-02-07_04-16-36"
}
