{"benchmarks_classes": [{"name": "fft2dmpiwithfftw1d", "t_fft_as_arg": 0.0006892681121826172, "t_fft_cpp": 0.0006930600000000001, "t_fft_return": 0.0006920099258422852, "t_ifft_as_arg": 0.000598907470703125, "t_ifft_cpp": 0.00059818, "t_ifft_return": 0.0026015043258666992}, {"name": "fft2dmpiwithfftwmpi2d", "t_fft_as_arg": 0.0006537437438964844, "t_fft_cpp": 0.00066104, "t_fft_return": 0.0006583929061889648, "t_ifft_as_arg": 0.0007264614105224609, "t_ifft_cpp": 0.0007589200000000001, "t_ifft_return": 0.0021948814392089844}], "hostname": "b-cn0301.hpc2n.umu.se", "n0": 1008, "n1": 1008, "nb_proc": 28, "pid": 269292, "time_as_str": "2017-10-10_19-03-16"}
