{"benchmarks_classes": [{"name": "fft2dmpiwithfftw1d", "t_fft_as_arg": 0.00046050548553466797, "t_fft_cpp": 0.00097404, "t_fft_return": 0.0004646778106689453, "t_ifft_as_arg": 0.00044167041778564453, "t_ifft_cpp": 0.00044345999999999996, "t_ifft_return": 0.0009003877639770508}, {"name": "fft2dmpiwithfftwmpi2d", "t_fft_as_arg": 0.0006500482559204102, "t_fft_cpp": 0.0008455, "t_fft_return": 0.0006543397903442383, "t_ifft_as_arg": 0.0006771087646484375, "t_ifft_cpp": 0.00067164, "t_ifft_return": 0.0008996725082397461}], "hostname": "b-cn0430.hpc2n.umu.se", "n0": 1008, "n1": 1008, "nb_proc": 84, "pid": 187034, "time_as_str": "2017-10-10_19-00-13"}
