{"benchmarks_classes": [{"name": "fft2dmpiwithfftw1d", "t_fft_as_arg": 0.0008499622344970703, "t_fft_cpp": 0.0008491400000000001, "t_fft_return": 0.0008603334426879883, "t_ifft_as_arg": 0.0007253885269165039, "t_ifft_cpp": 0.00072046, "t_ifft_return": 0.0007864236831665039}, {"name": "fft2dmpiwithfftwmpi2d", "t_fft_as_arg": 0.0007251501083374023, "t_fft_cpp": 0.00072592, "t_fft_return": 0.0007350444793701172, "t_ifft_as_arg": 0.000825047492980957, "t_ifft_cpp": 0.00082088, "t_ifft_return": 0.002617359161376953}], "hostname": "b-cn0548.hpc2n.umu.se", "n0": 1008, "n1": 1008, "nb_proc": 21, "pid": 250118, "time_as_str": "2017-10-10_19-00-13"}
