{"benchmarks_classes": [{"name": "fft2dmpiwithfftw1d", "t_fft_as_arg": 0.0004723072052001953, "t_fft_cpp": 0.00086912, "t_fft_return": 0.0004640817642211914, "t_ifft_as_arg": 0.0004436969757080078, "t_ifft_cpp": 0.0004501, "t_ifft_return": 0.0010012388229370117}, {"name": "fft2dmpiwithfftwmpi2d", "t_fft_as_arg": 0.000649571418762207, "t_fft_cpp": 0.00089696, "t_fft_return": 0.0006525516510009766, "t_ifft_as_arg": 0.0007076263427734375, "t_ifft_cpp": 0.0006965000000000001, "t_ifft_return": 0.0010448694229125977}], "hostname": "b-cn0307.hpc2n.umu.se", "n0": 1008, "n1": 1008, "nb_proc": 84, "pid": 81462, "time_as_str": "2017-10-10_19-03-17"}
