{"benchmarks_classes": [{"name": "fft2dmpiwithfftw1d", "t_fft_as_arg": 0.0007635354995727539, "t_fft_cpp": 0.00088384, "t_fft_return": 0.0007681846618652344, "t_ifft_as_arg": 0.0006564855575561523, "t_ifft_cpp": 0.00065358, "t_ifft_return": 0.0024101734161376953}, {"name": "fft2dmpiwithfftwmpi2d", "t_fft_as_arg": 0.000706791877746582, "t_fft_cpp": 0.0007063, "t_fft_return": 0.0007126331329345703, "t_ifft_as_arg": 0.0007910728454589844, "t_ifft_cpp": 0.00078372, "t_ifft_return": 0.0008208751678466797}], "hostname": "b-cn0548.hpc2n.umu.se", "n0": 1008, "n1": 1008, "nb_proc": 24, "pid": 252632, "time_as_str": "2017-10-10_19-04-33"}
