{"benchmarks_classes": [{"name": "fft2dmpiwithfftw1d", "t_fft_as_arg": 0.003766655921936035, "t_fft_cpp": 0.00383608, "t_fft_return": 0.003758668899536133, "t_ifft_as_arg": 0.0076596736907958984, "t_ifft_cpp": 0.00812006, "t_ifft_return": 0.00811624526977539}, {"name": "fft2dmpiwithfftwmpi2d", "t_fft_as_arg": 0.0029450654983520508, "t_fft_cpp": 0.0030889, "t_fft_return": 0.0029734373092651367, "t_ifft_as_arg": 0.0034933090209960938, "t_ifft_cpp": 0.00348946, "t_ifft_return": 0.003508448600769043}], "hostname": "b-cn0213.hpc2n.umu.se", "n0": 1008, "n1": 1008, "nb_proc": 4, "pid": 269280, "time_as_str": "2017-10-10_19-04-30"}
