{"benchmarks_classes": [{"name": "fft2dmpiwithfftw1d", "t_fft_as_arg": 0.004332065582275391, "t_fft_cpp": 0.00458758, "t_fft_return": 0.004565596580505371, "t_ifft_as_arg": 0.00809776782989502, "t_ifft_cpp": 0.00811334, "t_ifft_return": 0.008141398429870605}, {"name": "fft2dmpiwithfftwmpi2d", "t_fft_as_arg": 0.002976059913635254, "t_fft_cpp": 0.00325576, "t_fft_return": 0.0029708147048950195, "t_ifft_as_arg": 0.0035611391067504883, "t_ifft_cpp": 0.00359546, "t_ifft_return": 0.0036978721618652344}], "hostname": "b-cn0213.hpc2n.umu.se", "n0": 1008, "n1": 1008, "nb_proc": 4, "pid": 264699, "time_as_str": "2017-10-10_19-00-09"}
