{"benchmarks_classes": [{"name": "fft2dmpiwithfftw1d", "t_fft_as_arg": 0.00038433074951171875, "t_fft_cpp": 0.04366183999999999, "t_fft_return": 0.00038802623748779297, "t_ifft_as_arg": 0.0003763437271118164, "t_ifft_cpp": 0.00038952, "t_ifft_return": 0.00040793418884277344}, {"name": "fft2dmpiwithfftwmpi2d", "t_fft_as_arg": 0.0008070468902587891, "t_fft_cpp": 0.0008098, "t_fft_return": 0.0008147954940795898, "t_ifft_as_arg": 0.00042879581451416016, "t_ifft_cpp": 0.00042585999999999996, "t_ifft_return": 0.00045800209045410156}], "hostname": "b-cn0430.hpc2n.umu.se", "n0": 1008, "n1": 1008, "nb_proc": 168, "pid": 188502, "time_as_str": "2017-10-10_19-03-17"}
