{"benchmarks_classes": [{"name": "fft2dmpiwithfftw1d", "t_fft_as_arg": 0.0005713701248168945, "t_fft_cpp": 0.00105974, "t_fft_return": 0.0004458427429199219, "t_ifft_as_arg": 0.0004807710647583008, "t_ifft_cpp": 0.00054318, "t_ifft_return": 0.0007836818695068359}, {"name": "fft2dmpiwithfftwmpi2d", "t_fft_as_arg": 0.0005648136138916016, "t_fft_cpp": 0.00064012, "t_fft_return": 0.0005660057067871094, "t_ifft_as_arg": 0.0006049871444702148, "t_ifft_cpp": 0.00060692, "t_ifft_return": 0.0006067752838134766}], "hostname": "b-cn0304.hpc2n.umu.se", "n0": 1008, "n1": 1008, "nb_proc": 56, "pid": 154783, "time_as_str": "2017-10-10_19-00-13"}
