{"benchmarks_classes": [{"name": "fft2dmpiwithfftw1d", "t_fft_as_arg": 0.0008606910705566406, "t_fft_cpp": 0.00086016, "t_fft_return": 0.0008662939071655273, "t_ifft_as_arg": 0.000782012939453125, "t_ifft_cpp": 0.00076658, "t_ifft_return": 0.0008987188339233398}, {"name": "fft2dmpiwithfftwmpi2d", "t_fft_as_arg": 0.0007622241973876953, "t_fft_cpp": 0.0008226799999999999, "t_fft_return": 0.0007659196853637695, "t_ifft_as_arg": 0.0008624792098999023, "t_ifft_cpp": 0.00087328, "t_ifft_return": 0.0027266740798950195}], "hostname": "b-cn0525.hpc2n.umu.se", "n0": 1008, "n1": 1008, "nb_proc": 21, "pid": 252311, "time_as_str": "2017-10-10_19-04-33"}
