{"benchmarks_classes": [{"name": "fft2dmpiwithfftw1d", "t_fft_as_arg": 0.0008528232574462891, "t_fft_cpp": 0.00085032, "t_fft_return": 0.0008544921875, "t_ifft_as_arg": 0.0007319450378417969, "t_ifft_cpp": 0.0007262000000000001, "t_ifft_return": 0.0035120248794555664}, {"name": "fft2dmpiwithfftwmpi2d", "t_fft_as_arg": 0.0007371902465820312, "t_fft_cpp": 0.00076474, "t_fft_return": 0.0007432699203491211, "t_ifft_as_arg": 0.0008361339569091797, "t_ifft_cpp": 0.0009062199999999999, "t_ifft_return": 0.0026766061782836914}], "hostname": "b-cn0525.hpc2n.umu.se", "n0": 1008, "n1": 1008, "nb_proc": 21, "pid": 251157, "time_as_str": "2017-10-10_19-03-15"}
