{"benchmarks_classes": [{"name": "fft2dmpiwithfftw1d", "t_fft_as_arg": 0.00047004222869873047, "t_fft_cpp": 0.0010492, "t_fft_return": 0.0004322528839111328, "t_ifft_as_arg": 0.0004303455352783203, "t_ifft_cpp": 0.00046798, "t_ifft_return": 0.0005460977554321289}, {"name": "fft2dmpiwithfftwmpi2d", "t_fft_as_arg": 0.0008045434951782227, "t_fft_cpp": 0.0008124, "t_fft_return": 0.0008170604705810547, "t_ifft_as_arg": 0.00043523311614990234, "t_ifft_cpp": 0.00042647999999999997, "t_ifft_return": 0.0004458427429199219}], "hostname": "b-cn0301.hpc2n.umu.se", "n0": 1008, "n1": 1008, "nb_proc": 168, "pid": 272208, "time_as_str": "2017-10-10_19-18-41"}
