{"benchmarks_classes": [{"name": "fft2dmpiwithfftw1d", "t_fft_as_arg": 0.00822460651397705, "t_fft_cpp": 0.0081897, "t_fft_return": 0.006625533103942871, "t_ifft_as_arg": 0.013285040855407715, "t_ifft_cpp": 0.01593062, "t_ifft_return": 0.013502955436706543}, {"name": "fft2dmpiwithfftwmpi2d", "t_fft_as_arg": 0.005410313606262207, "t_fft_cpp": 0.005381820000000001, "t_fft_return": 0.0052220821380615234, "t_ifft_as_arg": 0.006237149238586426, "t_ifft_cpp": 0.00646324, "t_ifft_return": 0.006235241889953613}], "hostname": "b-cn0213.hpc2n.umu.se", "n0": 1008, "n1": 1008, "nb_proc": 2, "pid": 269294, "time_as_str": "2017-10-10_19-04-30"}
