{"benchmarks_classes": [{"name": "fft2dmpiwithfftw1d", "t_fft_as_arg": 0.0008050203323364258, "t_fft_cpp": 0.00082174, "t_fft_return": 0.0006941556930541992, "t_ifft_as_arg": 0.0006117820739746094, "t_ifft_cpp": 0.00060706, "t_ifft_return": 0.0022230148315429688}, {"name": "fft2dmpiwithfftwmpi2d", "t_fft_as_arg": 0.0006585121154785156, "t_fft_cpp": 0.0006597600000000001, "t_fft_return": 0.0006629228591918945, "t_ifft_as_arg": 0.0007259845733642578, "t_ifft_cpp": 0.00072244, "t_ifft_return": 0.002223491668701172}], "hostname": "b-cn0303.hpc2n.umu.se", "n0": 1008, "n1": 1008, "nb_proc": 28, "pid": 177309, "time_as_str": "2017-10-10_19-00-13"}
