{"benchmarks_classes": [{"name": "fft2dmpiwithfftw1d", "t_fft_as_arg": 0.0004875659942626953, "t_fft_cpp": 0.0010313, "t_fft_return": 0.000457763671875, "t_ifft_as_arg": 0.00040841102600097656, "t_ifft_cpp": 0.00057344, "t_ifft_return": 0.0008921623229980469}, {"name": "fft2dmpiwithfftwmpi2d", "t_fft_as_arg": 0.0005609989166259766, "t_fft_cpp": 0.0006418999999999999, "t_fft_return": 0.0005657672882080078, "t_ifft_as_arg": 0.0006004571914672852, "t_ifft_cpp": 0.00061186, "t_ifft_return": 0.0006073713302612305}], "hostname": "b-cn0303.hpc2n.umu.se", "n0": 1008, "n1": 1008, "nb_proc": 56, "pid": 179943, "time_as_str": "2017-10-10_19-04-34"}
