{"benchmarks_classes": [{"name": "fft2dmpiwithfftw1d", "t_fft_as_arg": 0.0015263557434082031, "t_fft_cpp": 0.00152806, "t_fft_return": 0.0015399456024169922, "t_ifft_as_arg": 0.0021986961364746094, "t_ifft_cpp": 0.00227202, "t_ifft_return": 0.002207517623901367}, {"name": "fft2dmpiwithfftwmpi2d", "t_fft_as_arg": 0.0010935068130493164, "t_fft_cpp": 0.00318726, "t_fft_return": 0.0010960102081298828, "t_ifft_as_arg": 0.0012284517288208008, "t_ifft_cpp": 0.0014064199999999998, "t_ifft_return": 0.0019106864929199219}], "hostname": "b-cn0905.hpc2n.umu.se", "n0": 1008, "n1": 1008, "nb_proc": 12, "pid": 41096, "time_as_str": "2017-10-10_19-03-16"}
