{"benchmarks_classes": [{"name": "fft2dmpiwithfftw1d", "t_fft_as_arg": 0.0022153854370117188, "t_fft_cpp": 0.0022500999999999997, "t_fft_return": 0.0021892786026000977, "t_ifft_as_arg": 0.003921151161193848, "t_ifft_cpp": 0.00391572, "t_ifft_return": 0.0030678510665893555}, {"name": "fft2dmpiwithfftwmpi2d", "t_fft_as_arg": 0.0016317367553710938, "t_fft_cpp": 0.0016289, "t_fft_return": 0.0016292333602905273, "t_ifft_as_arg": 0.0019632577896118164, "t_ifft_cpp": 0.00195986, "t_ifft_return": 0.001956939697265625}], "hostname": "b-cn0424.hpc2n.umu.se", "n0": 1008, "n1": 1008, "nb_proc": 8, "pid": 151580, "time_as_str": "2017-10-10_19-00-13"}
