{"benchmarks_classes": [{"name": "fft2dmpiwithfftw1d", "t_fft_as_arg": 0.0004527568817138672, "t_fft_cpp": 0.00295516, "t_fft_return": 0.00045680999755859375, "t_ifft_as_arg": 0.00042760372161865234, "t_ifft_cpp": 0.0004273, "t_ifft_return": 0.0011690855026245117}, {"name": "fft2dmpiwithfftwmpi2d", "t_fft_as_arg": 0.0006490945816040039, "t_fft_cpp": 0.0007846, "t_fft_return": 0.0006538629531860352, "t_ifft_as_arg": 0.0007030963897705078, "t_ifft_cpp": 0.00070118, "t_ifft_return": 0.001180887222290039}], "hostname": "b-cn0307.hpc2n.umu.se", "n0": 1008, "n1": 1008, "nb_proc": 84, "pid": 82790, "time_as_str": "2017-10-10_19-04-34"}
