{"benchmarks_classes": [{"name": "fft2dmpiwithfftw1d", "t_fft_as_arg": 0.0008554458618164062, "t_fft_cpp": 0.0016905000000000002, "t_fft_return": 0.00039827823638916016, "t_ifft_as_arg": 0.0004094839096069336, "t_ifft_cpp": 0.0005065, "t_ifft_return": 0.00048601627349853516}, {"name": "fft2dmpiwithfftwmpi2d", "t_fft_as_arg": 0.0007990598678588867, "t_fft_cpp": 0.019548080000000002, "t_fft_return": 0.0008089542388916016, "t_ifft_as_arg": 0.0004329681396484375, "t_ifft_cpp": 0.00050894, "t_ifft_return": 0.0004500150680541992}], "hostname": "b-cn0105.hpc2n.umu.se", "n0": 1008, "n1": 1008, "nb_proc": 168, "pid": 247034, "time_as_str": "2017-10-10_19-04-36"}
