{"benchmarks_classes": [{"name": "fft2dmpiwithfftw1d", "t_fft_as_arg": 0.0004754066467285156, "t_fft_cpp": 0.00094774, "t_fft_return": 0.00043761730194091797, "t_ifft_as_arg": 0.0004341602325439453, "t_ifft_cpp": 0.00048768, "t_ifft_return": 0.0005240440368652344}, {"name": "fft2dmpiwithfftwmpi2d", "t_fft_as_arg": 0.0008020401000976562, "t_fft_cpp": 0.00079884, "t_fft_return": 0.0008422136306762695, "t_ifft_as_arg": 0.0004513263702392578, "t_ifft_cpp": 0.00047413999999999996, "t_ifft_return": 0.0004734992980957031}], "hostname": "b-cn0430.hpc2n.umu.se", "n0": 1008, "n1": 1008, "nb_proc": 168, "pid": 191378, "time_as_str": "2017-10-10_19-19-10"}
