{"benchmarks_classes": [{"name": "fft2dmpiwithfftw1d", "t_fft_as_arg": 0.002160787582397461, "t_fft_cpp": 0.00215104, "t_fft_return": 0.0021910667419433594, "t_ifft_as_arg": 0.0037196874618530273, "t_ifft_cpp": 0.00358458, "t_ifft_return": 0.0036422014236450195}, {"name": "fft2dmpiwithfftwmpi2d", "t_fft_as_arg": 0.0016179084777832031, "t_fft_cpp": 0.0016355800000000002, "t_fft_return": 0.0016471147537231445, "t_ifft_as_arg": 0.0019731521606445312, "t_ifft_cpp": 0.0020015999999999988, "t_ifft_return": 0.0020110607147216797}], "hostname": "b-cn0424.hpc2n.umu.se", "n0": 1008, "n1": 1008, "nb_proc": 8, "pid": 153871, "time_as_str": "2017-10-10_19-04-31"}
