{"benchmarks_classes": [{"name": "fft2dmpiwithfftw1d", "t_fft_as_arg": 0.004131793975830078, "t_fft_cpp": 0.00454246, "t_fft_return": 0.004135489463806152, "t_ifft_as_arg": 0.007737278938293457, "t_ifft_cpp": 0.00803462, "t_ifft_return": 0.007931947708129883}, {"name": "fft2dmpiwithfftwmpi2d", "t_fft_as_arg": 0.0032759904861450195, "t_fft_cpp": 0.0033644, "t_fft_return": 0.0031832456588745117, "t_ifft_as_arg": 0.003835320472717285, "t_ifft_cpp": 0.00378612, "t_ifft_return": 0.003872990608215332}], "hostname": "b-cn0213.hpc2n.umu.se", "n0": 1008, "n1": 1008, "nb_proc": 4, "pid": 267421, "time_as_str": "2017-10-10_19-03-12"}
