{"benchmarks_classes": [{"name": "fft2dmpiwithfftw1d", "t_fft_as_arg": 0.0006886720657348633, "t_fft_cpp": 0.0006928199999999999, "t_fft_return": 0.0006945133209228516, "t_ifft_as_arg": 0.0005965232849121094, "t_ifft_cpp": 0.00059222, "t_ifft_return": 0.0006233453750610352}, {"name": "fft2dmpiwithfftwmpi2d", "t_fft_as_arg": 0.0006467103958129883, "t_fft_cpp": 0.00073354, "t_fft_return": 0.0006542205810546875, "t_ifft_as_arg": 0.0007748603820800781, "t_ifft_cpp": 0.0007137000000000001, "t_ifft_return": 0.0021932125091552734}], "hostname": "b-cn0301.hpc2n.umu.se", "n0": 1008, "n1": 1008, "nb_proc": 28, "pid": 270621, "time_as_str": "2017-10-10_19-04-33"}
