{"benchmarks_classes": [{"name": "fft2dmpiwithfftw1d", "t_fft_as_arg": 0.00048065185546875, "t_fft_cpp": 0.00089534, "t_fft_return": 0.00046002864837646484, "t_ifft_as_arg": 0.0004559755325317383, "t_ifft_cpp": 0.00054778, "t_ifft_return": 0.0007307529449462891}, {"name": "fft2dmpiwithfftwmpi2d", "t_fft_as_arg": 0.0005615949630737305, "t_fft_cpp": 0.00079018, "t_fft_return": 0.0005646944046020508, "t_ifft_as_arg": 0.0006029605865478516, "t_ifft_cpp": 0.00060802, "t_ifft_return": 0.0006084442138671875}], "hostname": "b-cn0303.hpc2n.umu.se", "n0": 1008, "n1": 1008, "nb_proc": 56, "pid": 178621, "time_as_str": "2017-10-10_19-03-16"}
