{"benchmarks_classes": [{"name": "fft2dmpiwithfftw1d", "t_fft_as_arg": 0.0007603168487548828, "t_fft_cpp": 0.00076332, "t_fft_return": 0.0007662773132324219, "t_ifft_as_arg": 0.0006549358367919922, "t_ifft_cpp": 0.00065026, "t_ifft_return": 0.001240372657775879}, {"name": "fft2dmpiwithfftwmpi2d", "t_fft_as_arg": 0.0006633996963500977, "t_fft_cpp": 0.00066348, "t_fft_return": 0.0006709098815917969, "t_ifft_as_arg": 0.0007457733154296875, "t_ifft_cpp": 0.00074332, "t_ifft_return": 0.0007740259170532227}], "hostname": "b-cn0301.hpc2n.umu.se", "n0": 1008, "n1": 1008, "nb_proc": 24, "pid": 268012, "time_as_str": "2017-10-10_19-00-13"}
