{"benchmarks_classes": [{"name": "fft2dmpiwithfftw1d", "t_fft_as_arg": 0.001950383186340332, "t_fft_cpp": 0.0019469, "t_fft_return": 0.00195920467376709, "t_ifft_as_arg": 0.002951979637145996, "t_ifft_cpp": 0.00286848, "t_ifft_return": 0.0029358863830566406}, {"name": "fft2dmpiwithfftwmpi2d", "t_fft_as_arg": 0.001644134521484375, "t_fft_cpp": 0.0015172, "t_fft_return": 0.0016444921493530273, "t_ifft_as_arg": 0.002030611038208008, "t_ifft_cpp": 0.0018980800000000001, "t_ifft_return": 0.002010345458984375}], "hostname": "b-cn0424.hpc2n.umu.se", "n0": 1008, "n1": 1008, "nb_proc": 8, "pid": 152807, "time_as_str": "2017-10-10_19-03-12"}
