{"benchmarks_classes": [{"name": "fft2dmpiwithfftw1d", "t_fft_as_arg": 0.008153080940246582, "t_fft_cpp": 0.00932608, "t_fft_return": 0.007720470428466797, "t_ifft_as_arg": 0.014552831649780273, "t_ifft_cpp": 0.01588972, "t_ifft_return": 0.015450596809387207}, {"name": "fft2dmpiwithfftwmpi2d", "t_fft_as_arg": 0.005839109420776367, "t_fft_cpp": 0.00580346, "t_fft_return": 0.005797266960144043, "t_ifft_as_arg": 0.006987929344177246, "t_ifft_cpp": 0.006968879999999999, "t_ifft_return": 0.006806612014770508}], "hostname": "b-cn0213.hpc2n.umu.se", "n0": 1008, "n1": 1008, "nb_proc": 2, "pid": 267435, "time_as_str": "2017-10-10_19-03-12"}
