{"benchmarks_classes": [{"name": "fft2dmpiwithfftw1d", "t_fft_as_arg": 0.0007622241973876953, "t_fft_cpp": 0.00076162, "t_fft_return": 0.0007712841033935547, "t_ifft_as_arg": 0.0006508827209472656, "t_ifft_cpp": 0.0006474199999999999, "t_ifft_return": 0.0012562274932861328}, {"name": "fft2dmpiwithfftwmpi2d", "t_fft_as_arg": 0.0006787776947021484, "t_fft_cpp": 0.00067862, "t_fft_return": 0.0006928443908691406, "t_ifft_as_arg": 0.0007584095001220703, "t_ifft_cpp": 0.00075542, "t_ifft_return": 0.000790715217590332}], "hostname": "b-cn0548.hpc2n.umu.se", "n0": 1008, "n1": 1008, "nb_proc": 24, "pid": 251355, "time_as_str": "2017-10-10_19-03-15"}
