{"benchmarks_classes": [{"name": "fft2dmpiwithfftw1d", "t_fft_as_arg": 0.0015201568603515625, "t_fft_cpp": 0.00151888, "t_fft_return": 0.0015447139739990234, "t_ifft_as_arg": 0.002184152603149414, "t_ifft_cpp": 0.00212452, "t_ifft_return": 0.0022689104080200195}, {"name": "fft2dmpiwithfftwmpi2d", "t_fft_as_arg": 0.0010728836059570312, "t_fft_cpp": 0.00119542, "t_fft_return": 0.0010764598846435547, "t_ifft_as_arg": 0.0012263059616088867, "t_ifft_cpp": 0.0012155, "t_ifft_return": 0.001920938491821289}], "hostname": "b-cn0905.hpc2n.umu.se", "n0": 1008, "n1": 1008, "nb_proc": 12, "pid": 43158, "time_as_str": "2017-10-10_19-04-32"}
