{"benchmarks_classes": [{"name": "fft2dmpiwithfftw1d", "t_fft_as_arg": 0.0015408992767333984, "t_fft_cpp": 0.0015221000000000002, "t_fft_return": 0.0015796422958374023, "t_ifft_as_arg": 0.0022062063217163086, "t_ifft_cpp": 0.00213682, "t_ifft_return": 0.0023249387741088867}, {"name": "fft2dmpiwithfftwmpi2d", "t_fft_as_arg": 0.0011109113693237305, "t_fft_cpp": 0.00118238, "t_fft_return": 0.0011165142059326172, "t_ifft_as_arg": 0.0012292861938476562, "t_ifft_cpp": 0.0012262400000000006, "t_ifft_return": 0.0021262168884277344}], "hostname": "b-cn0525.hpc2n.umu.se", "n0": 1008, "n1": 1008, "nb_proc": 12, "pid": 249841, "time_as_str": "2017-10-10_19-00-13"}
