{"benchmarks_classes": [{"name": "fft2dmpiwithfftw1d", "t_fft_as_arg": 0.009832620620727539, "t_fft_cpp": 0.00971748, "t_fft_return": 0.007796764373779297, "t_ifft_as_arg": 0.015221238136291504, "t_ifft_cpp": 0.015709360000000002, "t_ifft_return": 0.014825224876403809}, {"name": "fft2dmpiwithfftwmpi2d", "t_fft_as_arg": 0.005801558494567871, "t_fft_cpp": 0.005798239999999999, "t_fft_return": 0.005795121192932129, "t_ifft_as_arg": 0.006997108459472656, "t_ifft_cpp": 0.00709022, "t_ifft_return": 0.0069942474365234375}], "hostname": "b-cn0213.hpc2n.umu.se", "n0": 1008, "n1": 1008, "nb_proc": 2, "pid": 264678, "time_as_str": "2017-10-10_19-00-09"}
